county,constituency,ward,no_of_polling_station,no_of_registered_voters
BARINGO,BARINGO CENTRAL,EWALEL/CHAPCHAP,23,8176
BARINGO,BARINGO CENTRAL,KABARNET,41,12669
BARINGO,BARINGO CENTRAL,KAPROPITA,29,7235
BARINGO,BARINGO CENTRAL,SACHO,20,5180
BARINGO,BARINGO CENTRAL,TENGES,22,5128
BARINGO,BARINGO NORTH,BARTABWA,33,5427
BARINGO,BARINGO NORTH,BARWESSA,45,10484
BARINGO,BARINGO NORTH,KABARTONJO,29,9713
BARINGO,BARINGO NORTH,SAIMO/KIPSARAMAN,29,10149
BARINGO,BARINGO NORTH,SAIMO/SOI,37,7001
BARINGO,BARINGO SOUTH,ILCHAMUS,19,7009
BARINGO,BARINGO SOUTH,MARIGAT,54,13076
BARINGO,BARINGO SOUTH,MOCHONGOI,39,10948
BARINGO,BARINGO SOUTH,MUKUTANI,20,4129
BARINGO,ELDAMA RAVINE,KOIBATEK,22,6545
BARINGO,ELDAMA RAVINE,LEMBUS,32,10801
BARINGO,ELDAMA RAVINE,LEMBUS KWEN,28,9139
BARINGO,ELDAMA RAVINE,LEMBUS/PERKERRA,27,9246
BARINGO,ELDAMA RAVINE,MUMBERES/MAJI MAZURI,23,9412
BARINGO,ELDAMA RAVINE,RAVINE,22,9599
BARINGO,MOGOTIO,EMINING,48,8875
BARINGO,MOGOTIO,KISANANA,48,8713
BARINGO,MOGOTIO,MOGOTIO,59,14688
BARINGO,TIATY,CHURO/AMAYA,19,4177
BARINGO,TIATY,KOLOWA,23,5657
BARINGO,TIATY,LOIYAMOROCK,14,2848
BARINGO,TIATY,RIBKWO,29,4050
BARINGO,TIATY,SILALE,14,2280
BARINGO,TIATY,TANGULBEI/KOROSSI,22,4946
BARINGO,TIATY,TIRIOKO,22,4958
BOMET,BOMET CENTRAL,CHESOEN,32,15208
BOMET,BOMET CENTRAL,MUTARAKWA,21,9413
BOMET,BOMET CENTRAL,NDARAWETA,21,10306
BOMET,BOMET CENTRAL,SILIBWET TOWNSHIP,29,14758
BOMET,BOMET CENTRAL,SINGORWET,23,10430
BOMET,BOMET EAST,CHEMANER,17,7655
BOMET,BOMET EAST,KEMBU,25,10709
BOMET,BOMET EAST,KIPRERES,23,9865
BOMET,BOMET EAST,LONGISA,25,12017
BOMET,BOMET EAST,MERIGI,25,12616
BOMET,CHEPALUNGU,CHEBUNYO,31,13792
BOMET,CHEPALUNGU,KONG'ASIS,29,11940
BOMET,CHEPALUNGU,NYANGORES,38,16540
BOMET,CHEPALUNGU,SIGOR,33,13744
BOMET,CHEPALUNGU,SIONGIROI,29,12528
BOMET,KONOIN,BOITO,34,15058
BOMET,KONOIN,CHEPCHABAS,22,10166
BOMET,KONOIN,EMBOMOS,42,15819
BOMET,KONOIN,KIMULOT,23,10723
BOMET,KONOIN,MOGOGOSIEK,35,15411
BOMET,SOTIK,CHEMAGEL,34,16099
BOMET,SOTIK,KAPLETUNDO,41,18129
BOMET,SOTIK,KIPSONOI,36,14542
BOMET,SOTIK,NDANAI/ABOSI,35,14370
BOMET,SOTIK,RONGENA/MANARET,25,10174
BUNGOMA,BUMULA,BUMULA,26,11957
BUNGOMA,BUMULA,KABULA,17,8521
BUNGOMA,BUMULA,KHASOKO,14,7281
BUNGOMA,BUMULA,KIMAETI,29,13711
BUNGOMA,BUMULA,SIBOTI,25,11561
BUNGOMA,BUMULA,SOUTH BUKUSU,20,9660
BUNGOMA,BUMULA,WEST BUKUSU,17,7992
BUNGOMA,KABUCHAI,BWAKE/LUUYA,27,13887
BUNGOMA,KABUCHAI,KABUCHAI/CHWELE,31,15177
BUNGOMA,KABUCHAI,MUKUYUNI,35,14396
BUNGOMA,KABUCHAI,WEST NALONDO,30,14016
BUNGOMA,KANDUYI,BUKEMBE EAST,22,11152
BUNGOMA,KANDUYI,BUKEMBE WEST,20,9275
BUNGOMA,KANDUYI,EAST SANG'ALO,28,12835
BUNGOMA,KANDUYI,KHALABA,25,13803
BUNGOMA,KANDUYI,MARAKARU/TUUTI,26,14423
BUNGOMA,KANDUYI,MUSIKOMA,28,13843
BUNGOMA,KANDUYI,TOWNSHIP,28,16992
BUNGOMA,KANDUYI,WEST SANG'ALO,27,13242
BUNGOMA,KIMILILI,KAMUKUYWA,28,13344
BUNGOMA,KIMILILI,KIBINGEI,28,13162
BUNGOMA,KIMILILI,KIMILILI,32,15934
BUNGOMA,KIMILILI,MAENI,19,9828
BUNGOMA,MT. ELGON,CHEPTAIS,25,11515
BUNGOMA,MT. ELGON,CHEPYUK,23,9575
BUNGOMA,MT. ELGON,CHESIKAKI,22,9862
BUNGOMA,MT. ELGON,ELGON,28,12691
BUNGOMA,MT. ELGON,KAPKATENY,27,10568
BUNGOMA,MT. ELGON,KAPTAMA,27,12009
BUNGOMA,SIRISIA,LWANDANYI,42,14851
BUNGOMA,SIRISIA,MALAKISI/SOUTH KULISIRU,32,14685
BUNGOMA,SIRISIA,NAMWELA,25,11404
BUNGOMA,TONGAREN,MBAKALO,28,11574
BUNGOMA,TONGAREN,MILIMA,28,13319
BUNGOMA,TONGAREN,NAITIRI/KABUYEFWE,36,14663
BUNGOMA,TONGAREN,NDALU/ TABANI,19,9501
BUNGOMA,TONGAREN,SOYSAMBU/ MITUA,25,11586
BUNGOMA,TONGAREN,TONGAREN,28,13326
BUNGOMA,WEBUYE EAST,MARAKA,24,11677
BUNGOMA,WEBUYE EAST,MIHUU,32,14573
BUNGOMA,WEBUYE EAST,NDIVISI,37,16013
BUNGOMA,WEBUYE WEST,BOKOLI,25,12697
BUNGOMA,WEBUYE WEST,MATULO,25,14712
BUNGOMA,WEBUYE WEST,MISIKHU,25,12203
BUNGOMA,WEBUYE WEST,SITIKHO,21,10854
BUSIA,BUDALANGI,BUNYALA CENTRAL,16,6672
BUSIA,BUDALANGI,BUNYALA NORTH,24,11609
BUSIA,BUDALANGI,BUNYALA SOUTH,21,7809
BUSIA,BUDALANGI,BUNYALA WEST,23,12327
BUSIA,BUTULA,ELUGULU,18,8728
BUSIA,BUTULA,KINGANDOLE,17,8232
BUSIA,BUTULA,MARACHI CENTRAL,22,10301
BUSIA,BUTULA,MARACHI EAST,21,9547
BUSIA,BUTULA,MARACHI NORTH,22,10827
BUSIA,BUTULA,MARACHI WEST,20,10050
BUSIA,FUNYULA,AGENG'A NANGUBA,24,12264
BUSIA,FUNYULA,BWIRI,20,8865
BUSIA,FUNYULA,NAMBOBOTO NAMBUKU,33,13565
BUSIA,FUNYULA,NANGINA,22,9977
BUSIA,MATAYOS,BUKHAYO WEST,33,14278
BUSIA,MATAYOS,BURUMBA,33,17188
BUSIA,MATAYOS,BUSIBWABO,11,5301
BUSIA,MATAYOS,MATAYOS SOUTH,28,13577
BUSIA,MATAYOS,MAYENJE,12,6497
BUSIA,NAMBALE,BUKHAYO CENTRAL,19,8622
BUSIA,NAMBALE,BUKHAYO EAST,20,9579
BUSIA,NAMBALE,BUKHAYO NORTH/WALTSI,22,9273
BUSIA,NAMBALE,NAMBALE TOWNSHIP,25,14785
BUSIA,TESO NORTH,ANG'URAI EAST,15,6163
BUSIA,TESO NORTH,ANG'URAI NORTH,19,8709
BUSIA,TESO NORTH,ANG'URAI SOUTH,22,8416
BUSIA,TESO NORTH,MALABA CENTRAL,24,11618
BUSIA,TESO NORTH,MALABA NORTH,16,6749
BUSIA,TESO NORTH,MALABA SOUTH,22,8178
BUSIA,TESO SOUTH,AMUKURA CENTRAL,22,9962
BUSIA,TESO SOUTH,AMUKURA EAST,21,9799
BUSIA,TESO SOUTH,AMUKURA WEST,16,7650
BUSIA,TESO SOUTH,ANG'OROM,26,12711
BUSIA,TESO SOUTH,CHAKOL NORTH,19,7850
BUSIA,TESO SOUTH,CHAKOL SOUTH,32,13370
DIASPORA,DIASPORA,BURUNDI,2,875
DIASPORA,DIASPORA,RWANDA,2,1184
DIASPORA,DIASPORA,SOUTH AFRICA,1,164
DIASPORA,DIASPORA,TANZANIA,103,5528
DIASPORA,DIASPORA,UGANDA,3,1377
ELGEYO/MARAKWET,KEIYO NORTH,EMSOO,19,5334
ELGEYO/MARAKWET,KEIYO NORTH,KAMARINY,31,14746
ELGEYO/MARAKWET,KEIYO NORTH,KAPCHEMUTWA,30,13216
ELGEYO/MARAKWET,KEIYO NORTH,TAMBACH,23,8071
ELGEYO/MARAKWET,KEIYO SOUTH,CHEPKORIO,30,12320
ELGEYO/MARAKWET,KEIYO SOUTH,KABIEMIT,25,8793
ELGEYO/MARAKWET,KEIYO SOUTH,KAPTARAKWA,22,9179
ELGEYO/MARAKWET,KEIYO SOUTH,METKEI,17,6800
ELGEYO/MARAKWET,KEIYO SOUTH,SOY NORTH,23,7893
ELGEYO/MARAKWET,KEIYO SOUTH,SOY SOUTH,32,9065
ELGEYO/MARAKWET,MARAKWET EAST,EMBOBUT / EMBULOT,26,6471
ELGEYO/MARAKWET,MARAKWET EAST,ENDO,42,11880
ELGEYO/MARAKWET,MARAKWET EAST,KAPYEGO,26,6678
ELGEYO/MARAKWET,MARAKWET EAST,SAMBIRIR,48,11399
ELGEYO/MARAKWET,MARAKWET WEST,ARROR,11,4209
ELGEYO/MARAKWET,MARAKWET WEST,CHERANG'ANY/CHEBORORWA,24,7883
ELGEYO/MARAKWET,MARAKWET WEST,KAPSOWAR,28,10975
ELGEYO/MARAKWET,MARAKWET WEST,LELAN,29,8366
ELGEYO/MARAKWET,MARAKWET WEST,MOIBEN/KUSERWO,25,9085
ELGEYO/MARAKWET,MARAKWET WEST,SENGWER,18,8301
EMBU,MANYATTA,GATURI SOUTH,24,9368
EMBU,MANYATTA,KIRIMARI,56,27605
EMBU,MANYATTA,KITHIMU,26,10826
EMBU,MANYATTA,MBETI NORTH,34,16617
EMBU,MANYATTA,NGINDA,43,17519
EMBU,MANYATTA,RUGURU/NGANDORI,43,17404
EMBU,MBEERE NORTH,EVURORE,62,24822
EMBU,MBEERE NORTH,MUMINJI,25,9077
EMBU,MBEERE NORTH,NTHAWA,35,17110
EMBU,MBEERE SOUTH,KIAMBERE,24,7894
EMBU,MBEERE SOUTH,MAKIMA,29,10623
EMBU,MBEERE SOUTH,MAVURIA,46,19025
EMBU,MBEERE SOUTH,MBETI SOUTH,40,17775
EMBU,MBEERE SOUTH,MWEA,38,16826
EMBU,RUNYENJES,CENTRAL WARD,28,15193
EMBU,RUNYENJES,GATURI NORTH,34,13944
EMBU,RUNYENJES,KAGAARI NORTH,36,15940
EMBU,RUNYENJES,KAGAARI SOUTH,27,12097
EMBU,RUNYENJES,KYENI NORTH,26,13579
EMBU,RUNYENJES,KYENI SOUTH,34,16224
GARISSA,BALAMBALA,BALAMBALA,11,3743
GARISSA,BALAMBALA,DANYERE,11,3540
GARISSA,BALAMBALA,JARA JARA,4,1830
GARISSA,BALAMBALA,SAKA,11,4087
GARISSA,BALAMBALA,SANKURI,16,6945
GARISSA,DADAAB,ABAKAILE,12,6023
GARISSA,DADAAB,DADAAB,7,3731
GARISSA,DADAAB,DAMAJALE,13,5964
GARISSA,DADAAB,DERTU,10,3910
GARISSA,DADAAB,LABASIGALE,4,1699
GARISSA,DADAAB,LIBOI,10,4435
GARISSA,FAFI,BURA,14,3602
GARISSA,FAFI,DEKAHARIA,15,2851
GARISSA,FAFI,FAFI,14,6162
GARISSA,FAFI,JARAJILA,8,3378
GARISSA,FAFI,NANIGHI,10,3890
GARISSA,GARISSA TOWNSHIP,GALBET,32,17630
GARISSA,GARISSA TOWNSHIP,IFTIN,22,10532
GARISSA,GARISSA TOWNSHIP,TOWNSHIP,21,13862
GARISSA,GARISSA TOWNSHIP,WABERI,22,12267
GARISSA,IJARA,HULUGHO,17,4738
GARISSA,IJARA,IJARA,20,5121
GARISSA,IJARA,MASALANI,22,9292
GARISSA,IJARA,SANGAILU,9,3571
GARISSA,LAGDERA,BARAKI,6,3444
GARISSA,LAGDERA,BENANE,9,3759
GARISSA,LAGDERA,GOREALE,4,1207
GARISSA,LAGDERA,MAALIMIN,11,4498
GARISSA,LAGDERA,MODOGASHE,11,4803
GARISSA,LAGDERA,SABENA,5,2836
HOMA BAY,HOMA BAY TOWN,HOMA BAY ARUJO,21,11219
HOMA BAY,HOMA BAY TOWN,HOMA BAY CENTRAL,37,18299
HOMA BAY,HOMA BAY TOWN,HOMA BAY EAST,31,13779
HOMA BAY,HOMA BAY TOWN,HOMA BAY WEST,16,7273
HOMA BAY,KABONDO KASIPUL,KABONDO EAST,29,14100
HOMA BAY,KABONDO KASIPUL,KABONDO WEST,31,13772
HOMA BAY,KABONDO KASIPUL,KOJWACH,18,8855
HOMA BAY,KABONDO KASIPUL,KOKWANYO/KAKELO,27,12705
HOMA BAY,KARACHUONYO,CENTRAL,24,11092
HOMA BAY,KARACHUONYO,KANYALUO,23,9829
HOMA BAY,KARACHUONYO,KENDU BAY TOWN,26,11972
HOMA BAY,KARACHUONYO,KIBIRI,23,10465
HOMA BAY,KARACHUONYO,NORTH KARACHUONYO,27,12572
HOMA BAY,KARACHUONYO,WANGCHIENG,34,17537
HOMA BAY,KARACHUONYO,WEST KARACHUONYO,27,10537
HOMA BAY,KASIPUL,CENTRAL KASIPUL,26,12985
HOMA BAY,KASIPUL,EAST KAMAGAK,16,7728
HOMA BAY,KASIPUL,SOUTH KASIPUL,23,12297
HOMA BAY,KASIPUL,WEST KAMAGAK,21,12196
HOMA BAY,KASIPUL,WEST KASIPUL,27,12138
HOMA BAY,NDHIWA,KABUOCH NORTH,40,17303
HOMA BAY,NDHIWA,KABUOCH SOUTH/PALA,25,12233
HOMA BAY,NDHIWA,KANYADOTO,19,8009
HOMA BAY,NDHIWA,KANYAMWA KOLOGI,27,11817
HOMA BAY,NDHIWA,KANYAMWA KOSEWE,33,16863
HOMA BAY,NDHIWA,KANYIKELA,9,4624
HOMA BAY,NDHIWA,KWABWAI,32,14207
HOMA BAY,RANGWE,EAST GEM,23,11592
HOMA BAY,RANGWE,KAGAN,35,14273
HOMA BAY,RANGWE,KOCHIA,36,15908
HOMA BAY,RANGWE,WEST GEM,24,10743
HOMA BAY,SUBA NORTH,GEMBE,25,8677
HOMA BAY,SUBA NORTH,KASGUNGA,26,10934
HOMA BAY,SUBA NORTH,LAMBWE,32,10794
HOMA BAY,SUBA NORTH,MFANGANO ISLAND,30,9080
HOMA BAY,SUBA NORTH,RUSINGA ISLAND,26,11969
HOMA BAY,SUBA SOUTH,GWASSI NORTH,30,13003
HOMA BAY,SUBA SOUTH,GWASSI SOUTH,38,15581
HOMA BAY,SUBA SOUTH,KAKSINGRI WEST,29,11826
HOMA BAY,SUBA SOUTH,RUMA-KAKSINGRI,16,6089
ISIOLO,ISIOLO NORTH,BULLA PESA,21,12530
ISIOLO,ISIOLO NORTH,BURAT,24,10995
ISIOLO,ISIOLO NORTH,CHARI,15,4322
ISIOLO,ISIOLO NORTH,CHERAB,30,7285
ISIOLO,ISIOLO NORTH,NGARE MARA,11,4521
ISIOLO,ISIOLO NORTH,OLDO/NYIRO,18,4653
ISIOLO,ISIOLO NORTH,WABERA,21,11947
ISIOLO,ISIOLO SOUTH,GARBATULLA,19,5794
ISIOLO,ISIOLO SOUTH,KINNA,19,7981
ISIOLO,ISIOLO SOUTH,SERICHO,17,5310
KAJIADO,KAJIADO CENTRAL,DALALEKUTUK,31,14309
KAJIADO,KAJIADO CENTRAL,ILDAMAT,17,8016
KAJIADO,KAJIADO CENTRAL,MATAPATO NORTH,34,15003
KAJIADO,KAJIADO CENTRAL,MATAPATO SOUTH,33,15438
KAJIADO,KAJIADO CENTRAL,PURKO,10,3668
KAJIADO,KAJIADO EAST,IMARORO,21,7975
KAJIADO,KAJIADO EAST,KAPUTIEI NORTH,35,19942
KAJIADO,KAJIADO EAST,KENYAWA-POKA,29,9812
KAJIADO,KAJIADO EAST,KITENGELA,54,36831
KAJIADO,KAJIADO EAST,OLOOSIRKON/SHOLINKE,45,28244
KAJIADO,KAJIADO NORTH,NGONG,33,20998
KAJIADO,KAJIADO NORTH,NKAIMURUNYA,50,32274
KAJIADO,KAJIADO NORTH,OLKERI,51,30292
KAJIADO,KAJIADO NORTH,OLOOLUA,28,18005
KAJIADO,KAJIADO NORTH,ONGATA RONGAI,39,26384
KAJIADO,KAJIADO SOUTH,ENTONET/LENKISIM,26,10386
KAJIADO,KAJIADO SOUTH,KIMANA,20,9616
KAJIADO,KAJIADO SOUTH,KUKU,36,15972
KAJIADO,KAJIADO SOUTH,MBIRIKANI/ESELENKEI,22,8504
KAJIADO,KAJIADO SOUTH,ROMBO,35,15498
KAJIADO,KAJIADO WEST,EWUASO OONKIDONG'I,33,14881
KAJIADO,KAJIADO WEST,ILOODOKILANI,23,7885
KAJIADO,KAJIADO WEST,KEEKONYOKIE,56,28019
KAJIADO,KAJIADO WEST,MAGADI,27,9853
KAJIADO,KAJIADO WEST,MOSIRO,9,3388
KAKAMEGA,BUTERE,MARAMA CENTRAL,36,18848
KAKAMEGA,BUTERE,MARAMA NORTH,21,9857
KAKAMEGA,BUTERE,MARAMA SOUTH,20,9739
KAKAMEGA,BUTERE,MARAMA WEST,27,14667
KAKAMEGA,BUTERE,MARENYO - SHIANDA,20,9845
KAKAMEGA,IKOLOMANI,IDAKHO CENTRAL,29,15436
KAKAMEGA,IKOLOMANI,IDAKHO EAST,28,13059
KAKAMEGA,IKOLOMANI,IDAKHO NORTH,25,11824
KAKAMEGA,IKOLOMANI,IDAKHO SOUTH,21,9580
KAKAMEGA,KHWISERO,KISA CENTRAL,42,20930
KAKAMEGA,KHWISERO,KISA EAST,20,9011
KAKAMEGA,KHWISERO,KISA NORTH,23,9364
KAKAMEGA,KHWISERO,KISA WEST,20,9615
KAKAMEGA,LIKUYANI,KONGONI,22,12481
KAKAMEGA,LIKUYANI,LIKUYANI,28,14601
KAKAMEGA,LIKUYANI,NZOIA,28,14934
KAKAMEGA,LIKUYANI,SANGO,21,10795
KAKAMEGA,LIKUYANI,SINOKO,21,10500
KAKAMEGA,LUGARI,CHEKALINI,24,11089
KAKAMEGA,LUGARI,CHEVAYWA,28,13180
KAKAMEGA,LUGARI,LUGARI,26,13737
KAKAMEGA,LUGARI,LUMAKANDA,29,15479
KAKAMEGA,LUGARI,LWANDETI,25,11822
KAKAMEGA,LUGARI,MAUTUMA,27,11694
KAKAMEGA,LURAMBI,BUTSOTSO CENTRAL,30,12640
KAKAMEGA,LURAMBI,BUTSOTSO EAST,24,10070
KAKAMEGA,LURAMBI,BUTSOTSO SOUTH,19,7997
KAKAMEGA,LURAMBI,MAHIAKALO,15,8063
KAKAMEGA,LURAMBI,SHEYWE,51,27515
KAKAMEGA,LURAMBI,SHIRERE,27,13752
KAKAMEGA,MALAVA,BUTALI/CHEGULO,28,13691
KAKAMEGA,MALAVA,CHEMUCHE,23,12543
KAKAMEGA,MALAVA,EAST KABRAS,17,8633
KAKAMEGA,MALAVA,MANDA-SHIVANGA,24,12450
KAKAMEGA,MALAVA,SHIRUGU-MUGAI,19,10183
KAKAMEGA,MALAVA,SOUTH KABRAS,29,14410
KAKAMEGA,MALAVA,WEST KABRAS,20,10226
KAKAMEGA,MATUNGU,KHALABA,15,8028
KAKAMEGA,MATUNGU,KHOLERA,23,11792
KAKAMEGA,MATUNGU,KOYONZO,30,16136
KAKAMEGA,MATUNGU,MAYONI,23,12738
KAKAMEGA,MATUNGU,NAMAMALI,24,13034
KAKAMEGA,MUMIAS EAST,EAST WANGA,29,15705
KAKAMEGA,MUMIAS EAST,LUSHEYA/LUBINU,30,15543
KAKAMEGA,MUMIAS EAST,MALAHA/ISONGO/MAKUNGA,32,14132
KAKAMEGA,MUMIAS WEST,ETENJE,24,11896
KAKAMEGA,MUMIAS WEST,MUMIAS CENTRAL,32,15292
KAKAMEGA,MUMIAS WEST,MUMIAS NORTH,11,6982
KAKAMEGA,MUMIAS WEST,MUSANDA,25,13322
KAKAMEGA,NAVAKHOLO,BUNYALA CENTRAL,27,12014
KAKAMEGA,NAVAKHOLO,BUNYALA EAST,20,9106
KAKAMEGA,NAVAKHOLO,BUNYALA WEST,31,14027
KAKAMEGA,NAVAKHOLO,INGOSTSE-MATHIA,18,8485
KAKAMEGA,NAVAKHOLO,SHINOYI-SHIKOMARI-ESUMEYIA,22,9988
KAKAMEGA,SHINYALU,ISUKHA CENTRAL,29,14871
KAKAMEGA,SHINYALU,ISUKHA EAST,19,8783
KAKAMEGA,SHINYALU,ISUKHA NORTH,22,11208
KAKAMEGA,SHINYALU,ISUKHA SOUTH,31,15221
KAKAMEGA,SHINYALU,ISUKHA WEST,19,9147
KAKAMEGA,SHINYALU,MURHANDA,24,12026
KERICHO,AINAMOI,AINAMOI,20,8777
KERICHO,AINAMOI,KAPKUGERWET,31,16336
KERICHO,AINAMOI,KAPSAOS,28,14085
KERICHO,AINAMOI,KAPSOIT,28,14190
KERICHO,AINAMOI,KIPCHEBOR,30,15519
KERICHO,AINAMOI,KIPCHIMCHIM,12,6614
KERICHO,BELGUT,CHAIK,22,10897
KERICHO,BELGUT,CHEPTORORIET/SERETUT,20,10770
KERICHO,BELGUT,KABIANGA,36,18591
KERICHO,BELGUT,KAPSUSER,19,9949
KERICHO,BELGUT,WALDAI,30,17392
KERICHO,BURETI,CHEBOIN,25,11391
KERICHO,BURETI,CHEMOSOT,29,13995
KERICHO,BURETI,CHEPLANGET,24,11509
KERICHO,BURETI,KAPKATET,23,10563
KERICHO,BURETI,KISIARA,22,11006
KERICHO,BURETI,LITEIN,30,14124
KERICHO,BURETI,TEBESONIK,24,9829
KERICHO,KIPKELION EAST,CHEPSEON,36,16462
KERICHO,KIPKELION EAST,KEDOWA/KIMUGUL,41,19483
KERICHO,KIPKELION EAST,LONDIANI,26,12453
KERICHO,KIPKELION EAST,TENDENO/SORGET,16,8088
KERICHO,KIPKELION WEST,CHILCHILA,35,15258
KERICHO,KIPKELION WEST,KAMASIAN,24,10172
KERICHO,KIPKELION WEST,KIPKELION,29,13362
KERICHO,KIPKELION WEST,KUNYAK,18,7720
KERICHO,SIGOWET/SOIN,KAPLELARTET,27,13518
KERICHO,SIGOWET/SOIN,SIGOWET,34,16345
KERICHO,SIGOWET/SOIN,SOIN,23,9080
KERICHO,SIGOWET/SOIN,SOLIAT,18,8190
KIAMBU,GATUNDU NORTH,CHANIA,31,17196
KIAMBU,GATUNDU NORTH,GITHOBOKONI,29,13846
KIAMBU,GATUNDU NORTH,GITUAMBA,34,18518
KIAMBU,GATUNDU NORTH,MANG'U,32,18038
KIAMBU,GATUNDU SOUTH,KIAMWANGI,24,13053
KIAMBU,GATUNDU SOUTH,KIGANJO,35,18067
KIAMBU,GATUNDU SOUTH,NDARUGU,26,13671
KIAMBU,GATUNDU SOUTH,NGENDA,55,31067
KIAMBU,GITHUNGURI,GITHIGA,35,19704
KIAMBU,GITHUNGURI,GITHUNGURI,42,25756
KIAMBU,GITHUNGURI,IKINU,28,16576
KIAMBU,GITHUNGURI,KOMOTHAI,37,19507
KIAMBU,GITHUNGURI,NGEWA,32,17841
KIAMBU,JUJA,JUJA,52,32063
KIAMBU,JUJA,KALIMONI,30,18794
KIAMBU,JUJA,MURERA,27,15146
KIAMBU,JUJA,THETA,40,26648
KIAMBU,JUJA,WITEITHIE,35,22110
KIAMBU,KABETE,GITARU,28,17346
KIAMBU,KABETE,KABETE,31,18938
KIAMBU,KABETE,MUGUGA,29,18367
KIAMBU,KABETE,NYADHUNA,35,20183
KIAMBU,KABETE,UTHIRU,16,10612
KIAMBU,KIAMBAA,CIANDA,20,11002
KIAMBU,KIAMBAA,KARURI,35,21634
KIAMBU,KIAMBAA,KIHARA,28,18331
KIAMBU,KIAMBAA,MUCHATHA,29,17472
KIAMBU,KIAMBAA,NDENDERU,42,26974
KIAMBU,KIAMBU,NDUMBERI,33,20691
KIAMBU,KIAMBU,RIABAI,24,14418
KIAMBU,KIAMBU,TING'ANG'A,25,13404
KIAMBU,KIAMBU,TOWNSHIP,50,32217
KIAMBU,KIKUYU,KARAI,25,14530
KIAMBU,KIKUYU,KIKUYU,45,28120
KIAMBU,KIKUYU,KINOO,27,17633
KIAMBU,KIKUYU,NACHU,23,12671
KIAMBU,KIKUYU,SIGONA,29,18203
KIAMBU,LARI,KAMBURU,22,11641
KIAMBU,LARI,KIJABE,32,17780
KIAMBU,LARI,KINALE,28,15532
KIAMBU,LARI,LARI/KIRENGA,33,17849
KIAMBU,LARI,NYANDUMA,27,13853
KIAMBU,LIMURU,BIBIRIONI,23,13020
KIAMBU,LIMURU,LIMURU CENTRAL,43,25116
KIAMBU,LIMURU,LIMURU EAST,29,16012
KIAMBU,LIMURU,NDEIYA,29,15962
KIAMBU,LIMURU,NGECHA TIGONI,29,17148
KIAMBU,RUIRU,BIASHARA,56,37686
KIAMBU,RUIRU,GATONGORA,21,13278
KIAMBU,RUIRU,GITOTHUA,23,13960
KIAMBU,RUIRU,KAHAWA SUKARI,16,10458
KIAMBU,RUIRU,KAHAWA WENDANI,24,15928
KIAMBU,RUIRU,KIUU,35,23758
KIAMBU,RUIRU,MWIHOKO,18,12402
KIAMBU,RUIRU,MWIKI,47,31867
KIAMBU,THIKA TOWN,GATUANYAGA,20,11462
KIAMBU,THIKA TOWN,HOSPITAL,51,32284
KIAMBU,THIKA TOWN,KAMENU,77,51497
KIAMBU,THIKA TOWN,NGOLIBA,15,9273
KIAMBU,THIKA TOWN,TOWNSHIP,67,42807
KILIFI,GANZE,BAMBA,33,14717
KILIFI,GANZE,GANZE,32,13328
KILIFI,GANZE,JARIBUNI,25,10286
KILIFI,GANZE,SOKOKE,42,16429
KILIFI,KALOLENI,KALOLENI,45,20971
KILIFI,KALOLENI,KAYAFUNGO,27,12574
KILIFI,KALOLENI,MARIAKANI,33,18089
KILIFI,KALOLENI,MWANAMWINGA,18,8836
KILIFI,KILIFI NORTH,DABASO,22,12620
KILIFI,KILIFI NORTH,KIBARANI,25,12376
KILIFI,KILIFI NORTH,MATSANGONI,27,13509
KILIFI,KILIFI NORTH,MNARANI,29,15943
KILIFI,KILIFI NORTH,SOKONI,32,20552
KILIFI,KILIFI NORTH,TEZO,22,12640
KILIFI,KILIFI NORTH,WATAMU,25,14338
KILIFI,KILIFI SOUTH,CHASIMBA,27,12333
KILIFI,KILIFI SOUTH,JUNJU,25,13670
KILIFI,KILIFI SOUTH,MTEPENI,32,19093
KILIFI,KILIFI SOUTH,MWARAKAYA,21,11167
KILIFI,KILIFI SOUTH,SHIMO LA TEWA,42,28602
KILIFI,MAGARINI,ADU,37,13985
KILIFI,MAGARINI,GARASHI,24,8918
KILIFI,MAGARINI,GONGONI,32,14827
KILIFI,MAGARINI,MAGARINI,31,15200
KILIFI,MAGARINI,MARAFA,20,7889
KILIFI,MAGARINI,SABAKI,13,7634
KILIFI,MALINDI,GANDA,30,16623
KILIFI,MALINDI,JILORE,20,9107
KILIFI,MALINDI,KAKUYUNI,16,7830
KILIFI,MALINDI,MALINDI TOWN,46,28264
KILIFI,MALINDI,SHELLA,42,25386
KILIFI,RABAI,KAMBE/RIBE,18,9362
KILIFI,RABAI,MWAWESA,12,7034
KILIFI,RABAI,RABAI/KISURUTINI,45,23749
KILIFI,RABAI,RURUMA,18,10187
KIRINYAGA,GICHUGU,BARAGWI,26,14734
KIRINYAGA,GICHUGU,KABARE,50,25588
KIRINYAGA,GICHUGU,KARUMANDI,35,16911
KIRINYAGA,GICHUGU,NGARIAMA,27,13046
KIRINYAGA,GICHUGU,NJUKIINI,30,15073
KIRINYAGA,KIRINYAGA CENTRAL,INOI,31,15998
KIRINYAGA,KIRINYAGA CENTRAL,KANYEKINI,36,19643
KIRINYAGA,KIRINYAGA CENTRAL,KERUGOYA,42,23363
KIRINYAGA,KIRINYAGA CENTRAL,MUTIRA,31,17017
KIRINYAGA,MWEA,GATHIGIRIRI,21,10746
KIRINYAGA,MWEA,KANGAI,20,11653
KIRINYAGA,MWEA,MURINDUKO,35,17492
KIRINYAGA,MWEA,MUTITHI,33,17950
KIRINYAGA,MWEA,NYANGATI,30,15901
KIRINYAGA,MWEA,TEBERE,39,23093
KIRINYAGA,MWEA,THIBA,24,14119
KIRINYAGA,MWEA,WAMUMU,20,11426
KIRINYAGA,NDIA,KARITI,35,18613
KIRINYAGA,NDIA,KIINE,52,26668
KIRINYAGA,NDIA,MUKURE,42,20802
KISII,BOBASI,BASI BOGETAORIO,32,14860
KISII,BOBASI,BASI CENTRAL,22,10786
KISII,BOBASI,BOBASI BOITANGARE,18,9181
KISII,BOBASI,BOBASI CHACHE,23,11105
KISII,BOBASI,MASIGE EAST,20,9732
KISII,BOBASI,MASIGE WEST,19,9354
KISII,BOBASI,NYACHEKI,31,14297
KISII,BOBASI,SAMETA/MOKWERERO,19,9995
KISII,BOMACHOGE BORABU,BOKIMONGE,35,15618
KISII,BOMACHOGE BORABU,BOMBABA BORABU,22,10798
KISII,BOMACHOGE BORABU,BOOCHI BORABU,16,7560
KISII,BOMACHOGE BORABU,MAGENCHE,32,15105
KISII,BOMACHOGE CHACHE,BOOCHI/TENDERE,34,15614
KISII,BOMACHOGE CHACHE,BOSOTI/SENGERA,31,14946
KISII,BOMACHOGE CHACHE,MAJOGE BASI,24,11185
KISII,BONCHARI,BOGIAKUMU,26,14338
KISII,BONCHARI,BOMARIBA,18,9039
KISII,BONCHARI,BOMORENDA,29,14532
KISII,BONCHARI,RIANA,29,14715
KISII,KITUTU CHACHE NORTH,KEGOGI,17,9633
KISII,KITUTU CHACHE NORTH,MARANI,28,13291
KISII,KITUTU CHACHE NORTH,MONYERERO,29,13892
KISII,KITUTU CHACHE NORTH,SENSI,32,13849
KISII,KITUTU CHACHE SOUTH,BOGEKA,17,6865
KISII,KITUTU CHACHE SOUTH,BOGUSERO,23,10951
KISII,KITUTU CHACHE SOUTH,KITUTU CENTRAL,38,21942
KISII,KITUTU CHACHE SOUTH,NYAKOE,20,10939
KISII,KITUTU CHACHE SOUTH,NYATIEKO,17,8320
KISII,NYARIBARI CHACHE,BIRONGO,20,10187
KISII,NYARIBARI CHACHE,BOBARACHO,31,16714
KISII,NYARIBARI CHACHE,IBENO,25,11382
KISII,NYARIBARI CHACHE,KEUMBU,18,8570
KISII,NYARIBARI CHACHE,KIOGORO,19,8912
KISII,NYARIBARI CHACHE,KISII CENTRAL,36,21964
KISII,NYARIBARI MASABA,GESUSU,30,12242
KISII,NYARIBARI MASABA,ICHUNI,30,14468
KISII,NYARIBARI MASABA,KIAMOKAMA,22,10186
KISII,NYARIBARI MASABA,MASIMBA,28,12057
KISII,NYARIBARI MASABA,NYAMASIBI,22,10111
KISII,SOUTH MUGIRANGO,BOGETENGA,27,11864
KISII,SOUTH MUGIRANGO,BOIKANG'A,19,8689
KISII,SOUTH MUGIRANGO,BORABU / CHITAGO,33,15919
KISII,SOUTH MUGIRANGO,GETENGA,15,6602
KISII,SOUTH MUGIRANGO,MOTICHO,20,9922
KISII,SOUTH MUGIRANGO,TABAKA,30,14349
KISUMU,KISUMU CENTRAL,KONDELE,31,20252
KISUMU,KISUMU CENTRAL,MARKET MILIMANI,48,28992
KISUMU,KISUMU CENTRAL,MIGOSI,27,16654
KISUMU,KISUMU CENTRAL,NYALENDA B,23,14694
KISUMU,KISUMU CENTRAL,RAILWAYS,39,22952
KISUMU,KISUMU CENTRAL,SHAURIMOYO KALOLENI,28,16479
KISUMU,KISUMU EAST,KAJULU,41,23247
KISUMU,KISUMU EAST,KOLWA CENTRAL,35,19609
KISUMU,KISUMU EAST,KOLWA EAST,25,13269
KISUMU,KISUMU EAST,MANYATTA 'B',20,13387
KISUMU,KISUMU EAST,NYALENDA 'A',20,12026
KISUMU,KISUMU WEST,CENTRAL KISUMU,34,19758
KISUMU,KISUMU WEST,KISUMU NORTH,30,15826
KISUMU,KISUMU WEST,NORTH WEST KISUMU,24,12387
KISUMU,KISUMU WEST,SOUTH WEST KISUMU,27,13928
KISUMU,KISUMU WEST,WEST KISUMU,27,12540
KISUMU,MUHORONI,CHEMELIL,30,14692
KISUMU,MUHORONI,MASOGO/NYANG'OMA,33,15774
KISUMU,MUHORONI,MIWANI,18,9344
KISUMU,MUHORONI,MUHORONI/KORU,37,17456
KISUMU,MUHORONI,OMBEYI,24,11825
KISUMU,NYAKACH,CENTRAL NYAKACH,25,12390
KISUMU,NYAKACH,NORTH NYAKACH,41,19080
KISUMU,NYAKACH,SOUTH EAST NYAKACH,33,15398
KISUMU,NYAKACH,SOUTH WEST NYAKACH,20,8770
KISUMU,NYAKACH,WEST NYAKACH,28,13246
KISUMU,NYANDO,AHERO,34,16679
KISUMU,NYANDO,AWASI/ONJIKO,33,15568
KISUMU,NYANDO,EAST KANO/WAWIDHI,20,9040
KISUMU,NYANDO,KABONYO/KANYAGWAL,25,11252
KISUMU,NYANDO,KOBURA,36,19141
KISUMU,SEME,CENTRAL SEME,26,12899
KISUMU,SEME,EAST SEME,26,11996
KISUMU,SEME,NORTH SEME,25,12896
KISUMU,SEME,WEST SEME,34,15764
KITUI,KITUI CENTRAL,KYANGWITHYA EAST,35,14241
KITUI,KITUI CENTRAL,KYANGWITHYA WEST,35,14562
KITUI,KITUI CENTRAL,MIAMBANI,34,10471
KITUI,KITUI CENTRAL,MULANGO,41,14031
KITUI,KITUI CENTRAL,TOWNSHIP,38,17431
KITUI,KITUI EAST,CHULUNI,30,10967
KITUI,KITUI EAST,ENDAU/MALALANI,24,6917
KITUI,KITUI EAST,MUTITO/KALIKU,28,8694
KITUI,KITUI EAST,NZAMBANI,26,10662
KITUI,KITUI EAST,VOO/KYAMATU,32,8901
KITUI,KITUI EAST,ZOMBE/MWITIKA,34,11149
KITUI,KITUI RURAL,KANYANGI,34,10086
KITUI,KITUI RURAL,KISASI,31,12284
KITUI,KITUI RURAL,KWAVONZA/YATTA,54,16620
KITUI,KITUI RURAL,MBITINI,28,10624
KITUI,KITUI SOUTH,ATHI,49,14427
KITUI,KITUI SOUTH,IKANGA/KYATUNE,50,14385
KITUI,KITUI SOUTH,IKUTHA,29,10800
KITUI,KITUI SOUTH,KANZIKO,29,7699
KITUI,KITUI SOUTH,MUTHA,40,9744
KITUI,KITUI SOUTH,MUTOMO,37,11130
KITUI,KITUI WEST,KAUWI,38,13712
KITUI,KITUI WEST,KWA MUTONGA/KITHUMULA,25,9317
KITUI,KITUI WEST,MATINYANI,30,12868
KITUI,KITUI WEST,MUTONGUNI,50,16145
KITUI,MWINGI CENTRAL,CENTRAL,24,11685
KITUI,MWINGI CENTRAL,KIVOU,30,10947
KITUI,MWINGI CENTRAL,MUI,31,9222
KITUI,MWINGI CENTRAL,NGUNI,38,11314
KITUI,MWINGI CENTRAL,NUU,42,11269
KITUI,MWINGI CENTRAL,WAITA,29,8868
KITUI,MWINGI NORTH,KYUSO,68,18007
KITUI,MWINGI NORTH,MUMONI,52,14210
KITUI,MWINGI NORTH,NGOMENI,28,8081
KITUI,MWINGI NORTH,THARAKA,28,6177
KITUI,MWINGI NORTH,TSEIKURU,47,15016
KITUI,MWINGI WEST,KIOMO/KYETHANI,35,11247
KITUI,MWINGI WEST,KYOME/THAANA,44,13713
KITUI,MWINGI WEST,MIGWANI,41,13158
KITUI,MWINGI WEST,NGUUTANI,36,13731
KWALE,KINANGO,CHENGONI/SAMBURU,28,13124
KWALE,KINANGO,KASEMENI,32,12819
KWALE,KINANGO,KINANGO,32,13620
KWALE,KINANGO,MACKINNON ROAD,30,12483
KWALE,KINANGO,MWAVUMBO,34,13773
KWALE,KINANGO,NDAVAYA,29,10783
KWALE,KINANGO,PUMA,27,8504
KWALE,LUNGALUNGA,DZOMBO,26,13282
KWALE,LUNGALUNGA,MWERENI,29,13010
KWALE,LUNGALUNGA,PONGWE/KIKONENI,34,16068
KWALE,LUNGALUNGA,VANGA,29,14588
KWALE,MATUGA,KUBO SOUTH,26,10657
KWALE,MATUGA,MKONGANI,34,15639
KWALE,MATUGA,TIWI,21,9478
KWALE,MATUGA,TSIMBA GOLINI,40,17507
KWALE,MATUGA,WAA,32,17085
KWALE,MSAMBWENI,GOMBATO BONGWE,31,17538
KWALE,MSAMBWENI,KINONDO,21,11014
KWALE,MSAMBWENI,RAMISI,43,18569
KWALE,MSAMBWENI,UKUNDA,34,21500
LAIKIPIA,LAIKIPIA EAST,NANYUKI,47,26732
LAIKIPIA,LAIKIPIA EAST,NGOBIT,39,16771
LAIKIPIA,LAIKIPIA EAST,THINGITHU,32,16993
LAIKIPIA,LAIKIPIA EAST,TIGITHI,35,17014
LAIKIPIA,LAIKIPIA EAST,UMANDE,24,11376
LAIKIPIA,LAIKIPIA NORTH,MUGOGODO EAST,36,10944
LAIKIPIA,LAIKIPIA NORTH,MUGOGODO WEST,23,5583
LAIKIPIA,LAIKIPIA NORTH,SEGERA,24,11336
LAIKIPIA,LAIKIPIA NORTH,SOSIAN,45,18808
LAIKIPIA,LAIKIPIA WEST,GITHIGA,30,15441
LAIKIPIA,LAIKIPIA WEST,IGWAMITI,78,40585
LAIKIPIA,LAIKIPIA WEST,MARMANET,51,25478
LAIKIPIA,LAIKIPIA WEST,OL-MORAN,22,9242
LAIKIPIA,LAIKIPIA WEST,RUMURUTI TOWNSHIP,22,11070
LAIKIPIA,LAIKIPIA WEST,SALAMA,23,9114
LAMU,LAMU EAST,BASUBA,5,655
LAMU,LAMU EAST,FAZA,29,13673
LAMU,LAMU EAST,KIUNGA,11,3906
LAMU,LAMU WEST,BAHARI,24,9589
LAMU,LAMU WEST,HINDI,20,7376
LAMU,LAMU WEST,HONGWE,10,4406
LAMU,LAMU WEST,MKOMANI,22,10700
LAMU,LAMU WEST,MKUNUMBI,20,7994
LAMU,LAMU WEST,SHELLA,7,3366
LAMU,LAMU WEST,WITU,19,8111
MACHAKOS,KANGUNDO,KANGUNDO CENTRAL,31,14603
MACHAKOS,KANGUNDO,KANGUNDO EAST,28,11422
MACHAKOS,KANGUNDO,KANGUNDO NORTH,31,13025
MACHAKOS,KANGUNDO,KANGUNDO WEST,30,14425
MACHAKOS,KATHIANI,KATHIANI CENTRAL,28,13812
MACHAKOS,KATHIANI,LOWER KAEWA/KAANI,28,12605
MACHAKOS,KATHIANI,MITABONI,30,15300
MACHAKOS,KATHIANI,UPPER KAEWA/IVETI,27,13192
MACHAKOS,MACHAKOS TOWN,KALAMA,35,16098
MACHAKOS,MACHAKOS TOWN,KOLA,23,10433
MACHAKOS,MACHAKOS TOWN,MACHAKOS CENTRAL,49,27204
MACHAKOS,MACHAKOS TOWN,MUA,28,13992
MACHAKOS,MACHAKOS TOWN,MUMBUNI NORTH,22,12640
MACHAKOS,MACHAKOS TOWN,MUTITUNI,25,13453
MACHAKOS,MACHAKOS TOWN,MUVUTI/KIIMA-KIMWE,31,16057
MACHAKOS,MASINGA,EKALAKALA,26,10093
MACHAKOS,MASINGA,KIVAA,53,16689
MACHAKOS,MASINGA,MASINGA CENTRAL,45,16591
MACHAKOS,MASINGA,MUTHESYA,20,7958
MACHAKOS,MASINGA,NDITHINI,26,10658
MACHAKOS,MATUNGULU,KYELENI,17,7816
MACHAKOS,MATUNGULU,MATUNGULU EAST,27,11439
MACHAKOS,MATUNGULU,MATUNGULU NORTH,25,11472
MACHAKOS,MATUNGULU,MATUNGULU WEST,47,20118
MACHAKOS,MATUNGULU,TALA,29,15766
MACHAKOS,MAVOKO,ATHI RIVER,63,40132
MACHAKOS,MAVOKO,KINANIE,24,12663
MACHAKOS,MAVOKO,MUTHWANI,35,20020
MACHAKOS,MAVOKO,SYOKIMAU/MULOLONGO,67,45365
MACHAKOS,MWALA,KIBAUNI,32,8707
MACHAKOS,MWALA,MAKUTANO/ MWALA,35,16061
MACHAKOS,MWALA,MASII,41,16965
MACHAKOS,MWALA,MBIUNI,36,15062
MACHAKOS,MWALA,MUTHETHENI,33,11276
MACHAKOS,MWALA,WAMUNYU,36,13202
MACHAKOS,YATTA,IKOMBE,43,16372
MACHAKOS,YATTA,KATANGI,27,10401
MACHAKOS,YATTA,KITHIMANI,34,17499
MACHAKOS,YATTA,MATUU,31,15260
MACHAKOS,YATTA,NDALANI,34,14408
MAKUENI,KAITI,ILIMA,33,11992
MAKUENI,KAITI,KEE,28,10899
MAKUENI,KAITI,KILUNGU,36,15529
MAKUENI,KAITI,UKIA,47,19532
MAKUENI,KIBWEZI EAST,IVINGONI/NZAMBANI,37,13772
MAKUENI,KIBWEZI EAST,MASONGALENI,37,12954
MAKUENI,KIBWEZI EAST,MTITO ANDEI,42,15512
MAKUENI,KIBWEZI EAST,THANGE,35,15390
MAKUENI,KIBWEZI WEST,EMALI/MULALA,30,15409
MAKUENI,KIBWEZI WEST,KIKUMBULYU NORTH,22,8736
MAKUENI,KIBWEZI WEST,KIKUMBULYU SOUTH,24,12610
MAKUENI,KIBWEZI WEST,MAKINDU,51,20432
MAKUENI,KIBWEZI WEST,NGUU/MASUMBA,34,11256
MAKUENI,KIBWEZI WEST,NGUUMO,33,12362
MAKUENI,KILOME,KASIKEU,45,20182
MAKUENI,KILOME,KIIMA KIU/KALANZONI,38,17376
MAKUENI,KILOME,MUKAA,25,12674
MAKUENI,MAKUENI,KATHONZWENI,36,12781
MAKUENI,MAKUENI,KITISE/KITHUKI,31,10353
MAKUENI,MAKUENI,MAVINDINI,29,9867
MAKUENI,MAKUENI,MBITINI,33,12700
MAKUENI,MAKUENI,MUVAU/KIKUUMINI,27,12102
MAKUENI,MAKUENI,NZAUI/KILILI/KALAMBA,37,16324
MAKUENI,MAKUENI,WOTE,32,16690
MAKUENI,MBOONI,KALAWA,46,12941
MAKUENI,MBOONI,KITETA/KISAU,46,17241
MAKUENI,MBOONI,KITHUNGO/KITUNDU,33,12359
MAKUENI,MBOONI,MBOONI,36,14825
MAKUENI,MBOONI,TULIMANI,42,16904
MAKUENI,MBOONI,WAIA-KAKO,35,11606
MANDERA,BANISSA,BANISSA,11,3252
MANDERA,BANISSA,DERKHALE,11,5372
MANDERA,BANISSA,GUBA,7,946
MANDERA,BANISSA,KILIWEHIRI,10,4168
MANDERA,BANISSA,MALKAMARI,14,4738
MANDERA,LAFEY,ALANGO GOF,6,2842
MANDERA,LAFEY,FINO,5,1766
MANDERA,LAFEY,LAFEY,12,4856
MANDERA,LAFEY,SALA,3,1549
MANDERA,LAFEY,WARANQARA,10,3308
MANDERA,MANDERA EAST,ARABIA,11,3219
MANDERA,MANDERA EAST,KHALALIO,19,7244
MANDERA,MANDERA EAST,LIBEHIA,10,4207
MANDERA,MANDERA EAST,NEBOI,17,10210
MANDERA,MANDERA EAST,TOWNSHIP,27,14085
MANDERA,MANDERA NORTH,ASHABITO,19,10905
MANDERA,MANDERA NORTH,GUTICHA,19,8450
MANDERA,MANDERA NORTH,MOROTHILE,5,2366
MANDERA,MANDERA NORTH,RHAMU,36,20192
MANDERA,MANDERA NORTH,RHAMU-DIMTU,20,9318
MANDERA,MANDERA SOUTH,ELWAK NORTH,11,4543
MANDERA,MANDERA SOUTH,ELWAK SOUTH,17,6875
MANDERA,MANDERA SOUTH,KUTULO,18,6247
MANDERA,MANDERA SOUTH,SHIMBIR FATUMA,16,5518
MANDERA,MANDERA SOUTH,WARGADUD,9,2650
MANDERA,MANDERA WEST,DANDU,10,3934
MANDERA,MANDERA WEST,GITHER,13,6413
MANDERA,MANDERA WEST,LAGSURE,12,6725
MANDERA,MANDERA WEST,TAKABA,12,5494
MANDERA,MANDERA WEST,TAKABA SOUTH,11,4250
MARSABIT,LAISAMIS,KARGI/SOUTH HORR,14,4765
MARSABIT,LAISAMIS,KORR/NGURUNIT,22,8180
MARSABIT,LAISAMIS,LAISAMIS,16,5811
MARSABIT,LAISAMIS,LOGO LOGO,9,3411
MARSABIT,LAISAMIS,LOIYANGALANI,18,5937
MARSABIT,MOYALE,BUTIYE,17,5971
MARSABIT,MOYALE,GOLBO,27,10954
MARSABIT,MOYALE,HEILLU/MANYATTA,24,11813
MARSABIT,MOYALE,MOYALE TOWNSHIP,16,8979
MARSABIT,MOYALE,OBBU,14,4277
MARSABIT,MOYALE,SOLOLO,17,7078
MARSABIT,MOYALE,URAN,21,6592
MARSABIT,NORTH HORR,DUKANA,23,7044
MARSABIT,NORTH HORR,ILLERET,10,2281
MARSABIT,NORTH HORR,MAIKONA,30,8572
MARSABIT,NORTH HORR,NORTH HORR,22,6987
MARSABIT,NORTH HORR,TURBI,16,5974
MARSABIT,SAKU,KARARE,12,4018
MARSABIT,SAKU,MARSABIT CENTRAL,30,15125
MARSABIT,SAKU,SAGANTE/JALDESA,26,7939
MERU,BUURI,KIBIRICHIA,30,13819
MERU,BUURI,KIIRUA/NAARI,31,14463
MERU,BUURI,KISIMA,38,16855
MERU,BUURI,RUIRI/RWARERA,25,10504
MERU,BUURI,TIMAU,37,20036
MERU,CENTRAL IMENTI,ABOTHUGUCHI CENTRAL,50,23306
MERU,CENTRAL IMENTI,ABOTHUGUCHI WEST,26,10986
MERU,CENTRAL IMENTI,KIAGU,29,14175
MERU,CENTRAL IMENTI,MWANGANTHIA,44,22013
MERU,IGEMBE CENTRAL,AKIRANG'ONDU,28,13756
MERU,IGEMBE CENTRAL,ATHIRU RUUJINE,38,17794
MERU,IGEMBE CENTRAL,IGEMBE EAST,39,17736
MERU,IGEMBE CENTRAL,KANGETA,31,14198
MERU,IGEMBE CENTRAL,NJIA,45,20428
MERU,IGEMBE NORTH,AMWATHI,40,17025
MERU,IGEMBE NORTH,ANTUAMBUI,33,14992
MERU,IGEMBE NORTH,ANTUBETWE KIONGO,30,13303
MERU,IGEMBE NORTH,NAATHU,26,12032
MERU,IGEMBE NORTH,NTUNENE,22,9998
MERU,IGEMBE SOUTH,AKACHIU,27,12653
MERU,IGEMBE SOUTH,ATHIRU GAITI,28,12765
MERU,IGEMBE SOUTH,KANUNI,27,12773
MERU,IGEMBE SOUTH,KIEGOI/ANTUBOCHIU,33,14253
MERU,IGEMBE SOUTH,MAUA,29,15722
MERU,NORTH IMENTI,MUNICIPALITY,41,21454
MERU,NORTH IMENTI,NTIMA EAST,25,12855
MERU,NORTH IMENTI,NTIMA WEST,36,18601
MERU,NORTH IMENTI,NYAKI EAST,35,16567
MERU,NORTH IMENTI,NYAKI WEST,40,19970
MERU,SOUTH IMENTI,ABOGETA EAST,38,19264
MERU,SOUTH IMENTI,ABOGETA WEST,35,17618
MERU,SOUTH IMENTI,IGOJI EAST,37,17121
MERU,SOUTH IMENTI,IGOJI WEST,25,11958
MERU,SOUTH IMENTI,MITUNGUU,25,12820
MERU,SOUTH IMENTI,NKUENE,56,28633
MERU,TIGANIA EAST,KARAMA,28,11558
MERU,TIGANIA EAST,KIGUCHWA,21,10316
MERU,TIGANIA EAST,MIKINDURI,32,16924
MERU,TIGANIA EAST,MUTHARA,42,17831
MERU,TIGANIA EAST,THANGATHA,40,19291
MERU,TIGANIA WEST,AKITHII,31,15645
MERU,TIGANIA WEST,ATHWANA,16,7815
MERU,TIGANIA WEST,KIANJAI,40,19172
MERU,TIGANIA WEST,MBEU,20,9401
MERU,TIGANIA WEST,NKOMO,24,12081
MIGORI,AWENDO,CENTRAL SAKWA,26,13028
MIGORI,AWENDO,NORTH SAKWA,22,10041
MIGORI,AWENDO,SOUTH SAKWA,34,15270
MIGORI,AWENDO,WEST SAKWA,19,9954
MIGORI,KURIA EAST,GOKEHARAKA/GETAMBWEGA,16,6530
MIGORI,KURIA EAST,NTIMARU EAST,9,4803
MIGORI,KURIA EAST,NTIMARU WEST,15,7272
MIGORI,KURIA EAST,NYABASI EAST,18,7271
MIGORI,KURIA EAST,NYABASI WEST,22,9278
MIGORI,KURIA WEST,BUKIRA CENTRL/IKEREGE,14,6520
MIGORI,KURIA WEST,BUKIRA EAST,14,7043
MIGORI,KURIA WEST,ISIBANIA,15,7579
MIGORI,KURIA WEST,MAKERERO,11,4747
MIGORI,KURIA WEST,MASABA,21,7737
MIGORI,KURIA WEST,NYAMOSENSE/KOMOSOKO,23,9169
MIGORI,KURIA WEST,TAGARE,19,8262
MIGORI,NYATIKE,GOT KACHOLA,21,9276
MIGORI,NYATIKE,KACHIEN'G,19,8659
MIGORI,NYATIKE,KALER,8,4307
MIGORI,NYATIKE,KANYASA,18,6595
MIGORI,NYATIKE,MACALDER/KANYARWANDA,25,10880
MIGORI,NYATIKE,MUHURU,18,8786
MIGORI,NYATIKE,NORTH KADEM,29,12974
MIGORI,RONGO,CENTRAL KAMAGAMBO,27,15127
MIGORI,RONGO,EAST KAMAGAMBO,29,13547
MIGORI,RONGO,NORTH KAMAGAMBO,16,8463
MIGORI,RONGO,SOUTH KAMAGAMBO,25,11275
MIGORI,SUNA EAST,GOD JOPE,19,8738
MIGORI,SUNA EAST,KAKRAO,31,14464
MIGORI,SUNA EAST,KWA,15,7473
MIGORI,SUNA EAST,SUNA CENTRAL,30,15859
MIGORI,SUNA WEST,RAGANA-ORUBA,29,16663
MIGORI,SUNA WEST,WASIMBETE,20,8780
MIGORI,SUNA WEST,WASWETA II,16,9174
MIGORI,SUNA WEST,WIGA,23,11413
MIGORI,URIRI,CENTRAL KANYAMKAGO,16,7930
MIGORI,URIRI,EAST KANYAMKAGO,11,5541
MIGORI,URIRI,NORTH KANYAMKAGO,32,12970
MIGORI,URIRI,SOUTH KANYAMKAGO,26,13109
MIGORI,URIRI,WEST KANYAMKAGO,25,12126
MOMBASA,CHANGAMWE,AIRPORT,26,16606
MOMBASA,CHANGAMWE,CHAANI,33,21449
MOMBASA,CHANGAMWE,CHANGAMWE,29,17586
MOMBASA,CHANGAMWE,KIPEVU,22,13608
MOMBASA,CHANGAMWE,PORT REITZ,26,17082
MOMBASA,JOMVU,JOMVU KUU,36,22269
MOMBASA,JOMVU,MIKINDANI,46,30139
MOMBASA,JOMVU,MIRITINI,27,16899
MOMBASA,KISAUNI,BAMBURI,28,17685
MOMBASA,KISAUNI,JUNDA,37,23979
MOMBASA,KISAUNI,MAGOGONI,23,14846
MOMBASA,KISAUNI,MJAMBERE,34,22384
MOMBASA,KISAUNI,MTOPANGA,28,17539
MOMBASA,KISAUNI,MWAKIRUNGE,9,4946
MOMBASA,KISAUNI,SHANZU,39,24772
MOMBASA,LIKONI,BOFU,28,18060
MOMBASA,LIKONI,LIKONI,17,10855
MOMBASA,LIKONI,MTONGWE,23,13149
MOMBASA,LIKONI,SHIKA ADABU,21,13089
MOMBASA,LIKONI,TIMBWANI,51,32173
MOMBASA,MVITA,MAJENGO,48,28417
MOMBASA,MVITA,MJI WA KALE/MAKADARA,34,19927
MOMBASA,MVITA,SHIMANZI/GANJONI,33,17312
MOMBASA,MVITA,TONONOKA,36,21055
MOMBASA,MVITA,TUDOR,35,20380
MOMBASA,NYALI,FRERE TOWN,33,20215
MOMBASA,NYALI,KADZANDANI,32,18929
MOMBASA,NYALI,KONGOWEA,38,24457
MOMBASA,NYALI,MKOMANI,31,19669
MOMBASA,NYALI,ZIWA LA NG'OMBE,31,20747
MURANG'A,GATANGA,GATANGA,31,15942
MURANG'A,GATANGA,ITHANGA,21,10837
MURANG'A,GATANGA,KAKUZI/MITUBIRI,32,14630
MURANG'A,GATANGA,KARIARA,50,25272
MURANG'A,GATANGA,KIHUMBU-INI,33,16432
MURANG'A,GATANGA,MUGUMO-INI,30,12891
MURANG'A,KANDARA,GAICHANJIRU,30,15616
MURANG'A,KANDARA,ITHIRU,33,16703
MURANG'A,KANDARA,KAGUNDU-INI,33,18237
MURANG'A,KANDARA,MURUKA,28,15095
MURANG'A,KANDARA,NG'ARARIA,23,12391
MURANG'A,KANDARA,RUCHU,42,20591
MURANG'A,KANGEMA,KANYENYA-INI,27,14642
MURANG'A,KANGEMA,MUGURU,42,22124
MURANG'A,KANGEMA,RWATHIA,22,11964
MURANG'A,KIGUMO,KAHUMBU,24,10991
MURANG'A,KIGUMO,KANGARI,37,20558
MURANG'A,KIGUMO,KIGUMO,27,14953
MURANG'A,KIGUMO,KINYONA,34,17771
MURANG'A,KIGUMO,MUTHITHI,28,14208
MURANG'A,KIHARU,GATURI,37,18834
MURANG'A,KIHARU,MBIRI,36,19360
MURANG'A,KIHARU,MUGOIRI,38,18456
MURANG'A,KIHARU,MURARANDIA,32,17550
MURANG'A,KIHARU,TOWNSHIP,38,22990
MURANG'A,KIHARU,WANGU,31,17070
MURANG'A,MARAGWA,ICHAGAKI,23,12874
MURANG'A,MARAGWA,KAMAHUHA,29,15499
MURANG'A,MARAGWA,KAMBITI,28,12620
MURANG'A,MARAGWA,KIMORORI/WEMPA,42,23830
MURANG'A,MARAGWA,MAKUYU,30,15794
MURANG'A,MARAGWA,NGINDA,30,15461
MURANG'A,MATHIOYA,GITUGI,39,19723
MURANG'A,MATHIOYA,KAMACHARIA,28,14432
MURANG'A,MATHIOYA,KIRU,43,20785
NAIROBI CITY,DAGORETTI NORTH,GATINA,46,31039
NAIROBI CITY,DAGORETTI NORTH,KABIRO,44,28960
NAIROBI CITY,DAGORETTI NORTH,KAWANGWARE,39,25885
NAIROBI CITY,DAGORETTI NORTH,KILELESHWA,37,24916
NAIROBI CITY,DAGORETTI NORTH,KILIMANI,54,36414
NAIROBI CITY,DAGORETTI SOUTH,MUTU-INI,21,12663
NAIROBI CITY,DAGORETTI SOUTH,NGANDO,34,22133
NAIROBI CITY,DAGORETTI SOUTH,RIRUTA,54,35917
NAIROBI CITY,DAGORETTI SOUTH,UTHIRU/RUTHIMITU,31,19214
NAIROBI CITY,DAGORETTI SOUTH,WAITHAKA,28,17312
NAIROBI CITY,EMBAKASI CENTRAL,KAYOLE CENTRAL,37,25438
NAIROBI CITY,EMBAKASI CENTRAL,KAYOLE NORTH,36,25095
NAIROBI CITY,EMBAKASI CENTRAL,KAYOLE SOUTH,54,36777
NAIROBI CITY,EMBAKASI CENTRAL,KOMAROCK,44,29841
NAIROBI CITY,EMBAKASI CENTRAL,MATOPENI/SPRING VALLEY,22,14840
NAIROBI CITY,EMBAKASI EAST,EMBAKASI,64,43128
NAIROBI CITY,EMBAKASI EAST,LOWER SAVANNAH,41,28355
NAIROBI CITY,EMBAKASI EAST,MIHANGO,29,19890
NAIROBI CITY,EMBAKASI EAST,UPPER SAVANNAH,39,26555
NAIROBI CITY,EMBAKASI EAST,UTAWALA,34,22812
NAIROBI CITY,EMBAKASI NORTH,DANDORA AREA I,27,18216
NAIROBI CITY,EMBAKASI NORTH,DANDORA AREA II,28,18747
NAIROBI CITY,EMBAKASI NORTH,DANDORA AREA III,29,19572
NAIROBI CITY,EMBAKASI NORTH,DANDORA AREA IV,37,24929
NAIROBI CITY,EMBAKASI NORTH,KARIOBANGI NORTH,36,22789
NAIROBI CITY,EMBAKASI SOUTH,IMARA DAIMA,52,35279
NAIROBI CITY,EMBAKASI SOUTH,KWA NJENGA,35,23852
NAIROBI CITY,EMBAKASI SOUTH,KWA REUBEN,44,29706
NAIROBI CITY,EMBAKASI SOUTH,KWARE,37,25511
NAIROBI CITY,EMBAKASI SOUTH,PIPELINE,53,35966
NAIROBI CITY,EMBAKASI WEST,KARIOBANGI SOUTH,53,35309
NAIROBI CITY,EMBAKASI WEST,MOWLEM,27,18410
NAIROBI CITY,EMBAKASI WEST,UMOJA I,52,36281
NAIROBI CITY,EMBAKASI WEST,UMOJA II,55,36682
NAIROBI CITY,KAMUKUNJI,AIRBASE,19,12890
NAIROBI CITY,KAMUKUNJI,CALIFORNIA,25,16527
NAIROBI CITY,KAMUKUNJI,EASTLEIGH NORTH,40,27019
NAIROBI CITY,KAMUKUNJI,EASTLEIGH SOUTH,39,26140
NAIROBI CITY,KAMUKUNJI,PUMWANI,58,37690
NAIROBI CITY,KASARANI,CLAY CITY,51,34039
NAIROBI CITY,KASARANI,KASARANI,39,26144
NAIROBI CITY,KASARANI,MWIKI,39,26636
NAIROBI CITY,KASARANI,NJIRU,37,24494
NAIROBI CITY,KASARANI,RUAI,56,35388
NAIROBI CITY,KIBRA,LAINI SABA,25,17393
NAIROBI CITY,KIBRA,LINDI,24,16625
NAIROBI CITY,KIBRA,MAKINA,40,25583
NAIROBI CITY,KIBRA,SARANGOMBE,47,30656
NAIROBI CITY,KIBRA,WOODLEY/KENYATTA GOLF COURSE,44,28019
NAIROBI CITY,LANGATA,KAREN,49,32515
NAIROBI CITY,LANGATA,MUGUMU-INI,54,35133
NAIROBI CITY,LANGATA,NAIROBI WEST,24,16611
NAIROBI CITY,LANGATA,NYAYO HIGHRISE,32,21353
NAIROBI CITY,LANGATA,SOUTH C,41,26960
NAIROBI CITY,MAKADARA,HARAMBEE,54,35515
NAIROBI CITY,MAKADARA,MAKONGENI,41,27415
NAIROBI CITY,MAKADARA,MARINGO/HAMZA,61,39183
NAIROBI CITY,MAKADARA,VIWANDANI,36,23935
NAIROBI CITY,MATHARE,HOSPITAL,17,11208
NAIROBI CITY,MATHARE,HURUMA,33,22632
NAIROBI CITY,MATHARE,KIAMAIKO,28,18559
NAIROBI CITY,MATHARE,MABATINI,28,18855
NAIROBI CITY,MATHARE,MLANGO KUBWA,32,21612
NAIROBI CITY,MATHARE,NGEI,33,22693
NAIROBI CITY,ROYSAMBU,GITHURAI,52,35693
NAIROBI CITY,ROYSAMBU,KAHAWA,25,16320
NAIROBI CITY,ROYSAMBU,KAHAWA WEST,54,35302
NAIROBI CITY,ROYSAMBU,ROYSAMBU,46,30501
NAIROBI CITY,ROYSAMBU,ZIMMERMAN,44,29766
NAIROBI CITY,RUARAKA,BABA DOGO,41,27739
NAIROBI CITY,RUARAKA,KOROGOCHO,27,17116
NAIROBI CITY,RUARAKA,LUCKY SUMMER,27,17622
NAIROBI CITY,RUARAKA,MATHARE NORTH,41,27768
NAIROBI CITY,RUARAKA,UTALII,39,26056
NAIROBI CITY,STAREHE,LANDIMAWE,30,19593
NAIROBI CITY,STAREHE,NAIROBI CENTRAL,78,51584
NAIROBI CITY,STAREHE,NAIROBI SOUTH,51,33869
NAIROBI CITY,STAREHE,NGARA,42,27086
NAIROBI CITY,STAREHE,PANGANI,27,17666
NAIROBI CITY,STAREHE,ZIWANI/KARIOKOR,25,16599
NAIROBI CITY,WESTLANDS,KANGEMI,45,30660
NAIROBI CITY,WESTLANDS,KARURA,44,29432
NAIROBI CITY,WESTLANDS,KITISURU,43,27676
NAIROBI CITY,WESTLANDS,MOUNTAIN VIEW,45,30052
NAIROBI CITY,WESTLANDS,PARKLANDS/HIGHRIDGE,53,34898
NAKURU,BAHATI,BAHATI,36,18304
NAKURU,BAHATI,DUNDORI,31,14330
NAKURU,BAHATI,KABATINI,24,11746
NAKURU,BAHATI,KIAMAINA,45,24936
NAKURU,BAHATI,LANET/UMOJA,33,18192
NAKURU,GILGIL,ELEMENTAITA,27,13690
NAKURU,GILGIL,GILGIL,45,26166
NAKURU,GILGIL,MALEWA WEST,25,13057
NAKURU,GILGIL,MBARUK/EBURU,40,19577
NAKURU,GILGIL,MURINDATI,25,12850
NAKURU,KURESOI NORTH,KAMARA,29,15350
NAKURU,KURESOI NORTH,KIPTORORO,32,15196
NAKURU,KURESOI NORTH,NYOTA,42,20137
NAKURU,KURESOI NORTH,SIRIKWA,19,10661
NAKURU,KURESOI SOUTH,AMALO,22,10815
NAKURU,KURESOI SOUTH,KERINGET,35,17231
NAKURU,KURESOI SOUTH,KIPTAGICH,26,13500
NAKURU,KURESOI SOUTH,TINET,32,14115
NAKURU,MOLO,ELBURGON,41,23789
NAKURU,MOLO,MARIASHONI,16,7706
NAKURU,MOLO,MOLO,50,25421
NAKURU,MOLO,TURI,28,14076
NAKURU,NAIVASHA,BIASHARA,21,10846
NAKURU,NAIVASHA,HELLS GATE,42,24885
NAKURU,NAIVASHA,LAKE VIEW,30,18642
NAKURU,NAIVASHA,MAI MAHIU,36,19805
NAKURU,NAIVASHA,MAIELLA,30,14284
NAKURU,NAIVASHA,NAIVASHA EAST,26,14059
NAKURU,NAIVASHA,OLKARIA,24,14405
NAKURU,NAIVASHA,VIWANDANI,47,28123
NAKURU,NAKURU TOWN EAST,BIASHARA,54,31796
NAKURU,NAKURU TOWN EAST,FLAMINGO,28,18296
NAKURU,NAKURU TOWN EAST,KIVUMBINI,23,13249
NAKURU,NAKURU TOWN EAST,MENENGAI,35,21803
NAKURU,NAKURU TOWN EAST,NAKURU EAST,45,27600
NAKURU,NAKURU TOWN WEST,BARUT,9,4618
NAKURU,NAKURU TOWN WEST,KAPKURES,14,7964
NAKURU,NAKURU TOWN WEST,KAPTEMBWO,56,34884
NAKURU,NAKURU TOWN WEST,LONDON,29,18275
NAKURU,NAKURU TOWN WEST,RHODA,21,13332
NAKURU,NAKURU TOWN WEST,SHAABAB,30,18476
NAKURU,NJORO,KIHINGO,18,9636
NAKURU,NJORO,LARE,29,14831
NAKURU,NJORO,MAU NAROK,37,21471
NAKURU,NJORO,MAUCHE,30,15148
NAKURU,NJORO,NESSUIT,16,8187
NAKURU,NJORO,NJORO,61,35414
NAKURU,RONGAI,MENENGAI WEST,36,18537
NAKURU,RONGAI,MOSOP,41,18353
NAKURU,RONGAI,SOIN,34,12852
NAKURU,RONGAI,SOLAI,26,8864
NAKURU,RONGAI,VISOI,45,18556
NAKURU,SUBUKIA,KABAZI,48,19164
NAKURU,SUBUKIA,SUBUKIA,40,17942
NAKURU,SUBUKIA,WASEGES,42,14476
NANDI,ALDAI,KABWARENG,23,9348
NANDI,ALDAI,KAPTUMO-KABOI,26,12242
NANDI,ALDAI,KEMELOI-MARABA,37,14101
NANDI,ALDAI,KOBUJOI,28,12063
NANDI,ALDAI,KOYO-NDURIO,30,10519
NANDI,ALDAI,TERIK,26,7593
NANDI,CHESUMEI,CHEMUNDU/KAPNG'ETUNY,26,12329
NANDI,CHESUMEI,KAPTEL/KAMOIYWO,34,15688
NANDI,CHESUMEI,KIPTUYA,17,8804
NANDI,CHESUMEI,KOSIRAI,30,13352
NANDI,CHESUMEI,LELMOKWO/NGECHEK,25,12126
NANDI,EMGWEN,CHEPKUMIA,16,8326
NANDI,EMGWEN,KAPKANGANI,18,8435
NANDI,EMGWEN,KAPSABET,32,17152
NANDI,EMGWEN,KILIBWONI,54,24639
NANDI,MOSOP,CHEPTERWAI,23,8335
NANDI,MOSOP,KABISAGA,21,9442
NANDI,MOSOP,KABIYET,19,10096
NANDI,MOSOP,KIPKAREN,20,9594
NANDI,MOSOP,KURGUNG/SURUNGAI,22,8751
NANDI,MOSOP,NDALAT,19,9019
NANDI,MOSOP,SANGALO/KEBULONIK,19,8689
NANDI,NANDI HILLS,CHEPKUNYUK,44,17694
NANDI,NANDI HILLS,KAPCHORUA,20,7436
NANDI,NANDI HILLS,NANDI HILLS,35,16371
NANDI,NANDI HILLS,OL'LESSOS,22,9892
NANDI,TINDERET,CHEMELIL/CHEMASE,17,6944
NANDI,TINDERET,KAPSIMOTWO,23,8299
NANDI,TINDERET,SONGHOR/SOBA,39,16475
NANDI,TINDERET,TINDIRET,31,12253
NAROK,EMURUA DIKIRR,ILKERIN,22,10949
NAROK,EMURUA DIKIRR,KAPSASIAN,17,8207
NAROK,EMURUA DIKIRR,MOGONDO,13,6394
NAROK,EMURUA DIKIRR,OLOLMASANI,23,9981
NAROK,KILGORIS,ANGATA BARIKOI,21,9560
NAROK,KILGORIS,KEYIAN,22,8559
NAROK,KILGORIS,KILGORIS CENTRAL,40,15894
NAROK,KILGORIS,KIMINTET,22,9050
NAROK,KILGORIS,LOLGORIAN,36,13012
NAROK,KILGORIS,SHANKOE,24,11004
NAROK,NAROK EAST,ILDAMAT,20,8282
NAROK,NAROK EAST,KEEKONYOKIE,20,10230
NAROK,NAROK EAST,MOSIRO,25,12032
NAROK,NAROK EAST,SUSWA,19,9015
NAROK,NAROK NORTH,MELILI,33,13383
NAROK,NAROK NORTH,NAROK TOWN,47,27547
NAROK,NAROK NORTH,NKARETA,17,7668
NAROK,NAROK NORTH,OLOKURTO,20,8940
NAROK,NAROK NORTH,OLORROPIL,27,12462
NAROK,NAROK NORTH,OLPUSIMORU,18,8380
NAROK,NAROK SOUTH,LOITA,23,9444
NAROK,NAROK SOUTH,MAJIMOTO/NAROOSURA,42,17176
NAROK,NAROK SOUTH,MELELO,20,9802
NAROK,NAROK SOUTH,OLOLULUNG'A,28,13623
NAROK,NAROK SOUTH,SAGAMIAN,12,6747
NAROK,NAROK SOUTH,SOGOO,18,8980
NAROK,NAROK WEST,ILMOTIOK,35,16178
NAROK,NAROK WEST,MARA,28,13929
NAROK,NAROK WEST,NAIKARRA,24,10606
NAROK,NAROK WEST,SIANA,34,14696
NYAMIRA,BORABU,ESISE,27,12498
NYAMIRA,BORABU,KIABONYORU,36,20190
NYAMIRA,BORABU,MEKENENE,21,10021
NYAMIRA,BORABU,NYANSIONGO,24,12200
NYAMIRA,KITUTU MASABA,GACHUBA,28,14153
NYAMIRA,KITUTU MASABA,GESIMA,37,17423
NYAMIRA,KITUTU MASABA,KEMERA,31,16332
NYAMIRA,KITUTU MASABA,MAGOMBO,25,12194
NYAMIRA,KITUTU MASABA,MANGA,31,15803
NYAMIRA,KITUTU MASABA,RIGOMA,35,17341
NYAMIRA,NORTH MUGIRANGO,BOKEIRA,24,11963
NYAMIRA,NORTH MUGIRANGO,BOMWAGAMO,17,7963
NYAMIRA,NORTH MUGIRANGO,EKERENYO,25,12391
NYAMIRA,NORTH MUGIRANGO,ITIBO,24,11945
NYAMIRA,NORTH MUGIRANGO,MAGWAGWA,21,10044
NYAMIRA,WEST MUGIRANGO,BOGICHORA,38,19430
NYAMIRA,WEST MUGIRANGO,BONYAMATUTA,26,13559
NYAMIRA,WEST MUGIRANGO,BOSAMARO,36,17074
NYAMIRA,WEST MUGIRANGO,NYAMAIYA,27,14547
NYAMIRA,WEST MUGIRANGO,TOWNSHIP,20,11782
NYANDARUA,KINANGOP,ENGINEER,26,14857
NYANDARUA,KINANGOP,GATHARA,32,16919
NYANDARUA,KINANGOP,GITHABAI,23,10742
NYANDARUA,KINANGOP,MAGUMU,25,14379
NYANDARUA,KINANGOP,MURUNGARU,31,15210
NYANDARUA,KINANGOP,NJABINI\KIBURU,24,12075
NYANDARUA,KINANGOP,NORTH KINANGOP,19,10484
NYANDARUA,KINANGOP,NYAKIO,26,14575
NYANDARUA,KIPIPIRI,GETA,21,10295
NYANDARUA,KIPIPIRI,GITHIORO,23,10719
NYANDARUA,KIPIPIRI,KIPIPIRI,29,13125
NYANDARUA,KIPIPIRI,WANJOHI,34,16277
NYANDARUA,NDARAGWA,CENTRAL,37,16388
NYANDARUA,NDARAGWA,KIRIITA,22,12057
NYANDARUA,NDARAGWA,LESHAU/PONDO,27,12542
NYANDARUA,NDARAGWA,SHAMATA,27,11844
NYANDARUA,OL JOROK,CHARAGITA,25,12301
NYANDARUA,OL JOROK,GATHANJI,22,11938
NYANDARUA,OL JOROK,GATIMU,24,13812
NYANDARUA,OL JOROK,WERU,31,16719
NYANDARUA,OL KALOU,KAIMBAGA,21,12305
NYANDARUA,OL KALOU,KANJUIRI RANGE,30,14965
NYANDARUA,OL KALOU,KARAU,25,12747
NYANDARUA,OL KALOU,MIRANGINE,24,14194
NYANDARUA,OL KALOU,RURII,26,14165
NYERI,KIENI,GAKAWA,28,13553
NYERI,KIENI,GATARAKWA,25,11616
NYERI,KIENI,KABARU,25,12776
NYERI,KIENI,MUGUNDA,35,15491
NYERI,KIENI,MWEIGA,23,10816
NYERI,KIENI,MWIYOGO/ENDARASHA,26,12054
NYERI,KIENI,NAROMORU KIAMATHAGA,33,17330
NYERI,KIENI,THEGU RIVER,32,15365
NYERI,MATHIRA,IRIAINI,33,17093
NYERI,MATHIRA,KARATINA TOWN,47,25576
NYERI,MATHIRA,KIRIMUKUYU,35,17430
NYERI,MATHIRA,KONYU,25,12646
NYERI,MATHIRA,MAGUTU,24,12737
NYERI,MATHIRA,RUGURU,26,14014
NYERI,MUKURWEINI,GIKONDI,25,12098
NYERI,MUKURWEINI,MUKURWE-INI CENTRAL,35,17810
NYERI,MUKURWEINI,MUKURWE-INI WEST,24,12175
NYERI,MUKURWEINI,RUGI,27,13227
NYERI,NYERI TOWN,GATITU/MURUGURU,21,10526
NYERI,NYERI TOWN,KAMAKWA/MUKARO,28,15847
NYERI,NYERI TOWN,KIGANJO/MATHARI,32,15226
NYERI,NYERI TOWN,RURING'U,24,12936
NYERI,NYERI TOWN,RWARE,47,28325
NYERI,OTHAYA,CHINGA,32,14716
NYERI,OTHAYA,IRIA-INI,38,18313
NYERI,OTHAYA,KARIMA,26,11509
NYERI,OTHAYA,MAHIGA,33,14028
NYERI,TETU,AGUTHI-GAAKI,36,17194
NYERI,TETU,DEDAN KIMANTHI,31,13487
NYERI,TETU,WAMAGANA,41,21035
PRISONS,PRISONS,PRISONS,2,793
SAMBURU,SAMBURU EAST,WAMBA EAST,21,6481
SAMBURU,SAMBURU EAST,WAMBA NORTH,24,4513
SAMBURU,SAMBURU EAST,WAMBA WEST,27,5809
SAMBURU,SAMBURU EAST,WASO,21,5293
SAMBURU,SAMBURU NORTH,ANGATA NANYOKIE,12,3523
SAMBURU,SAMBURU NORTH,BAAWA,12,3531
SAMBURU,SAMBURU NORTH,EL-BARTA,16,4583
SAMBURU,SAMBURU NORTH,NACHOLA,12,2776
SAMBURU,SAMBURU NORTH,NDOTO,19,5106
SAMBURU,SAMBURU NORTH,NYIRO,19,5069
SAMBURU,SAMBURU WEST,LODOKEJEK,21,6109
SAMBURU,SAMBURU WEST,LOOSUK,11,4309
SAMBURU,SAMBURU WEST,MARALAL,42,15535
SAMBURU,SAMBURU WEST,PORO,12,4467
SAMBURU,SAMBURU WEST,SUGUTA MARMAR,15,5683
SIAYA,ALEGO USONGA,CENTRAL ALEGO,33,16097
SIAYA,ALEGO USONGA,NORTH ALEGO,31,16299
SIAYA,ALEGO USONGA,SIAYA TOWNSHIP,40,22112
SIAYA,ALEGO USONGA,SOUTH EAST ALEGO,51,24066
SIAYA,ALEGO USONGA,USONGA,16,7849
SIAYA,ALEGO USONGA,WEST ALEGO,35,16911
SIAYA,BONDO,CENTRAL SAKWA,23,11827
SIAYA,BONDO,NORTH SAKWA,35,18442
SIAYA,BONDO,SOUTH SAKWA,28,12667
SIAYA,BONDO,WEST SAKWA,34,18087
SIAYA,BONDO,WEST YIMBO,27,14272
SIAYA,BONDO,YIMBO EAST,30,14983
SIAYA,GEM,CENTRAL GEM,23,11538
SIAYA,GEM,EAST GEM,26,12228
SIAYA,GEM,NORTH GEM,35,16782
SIAYA,GEM,SOUTH GEM,36,15883
SIAYA,GEM,WEST GEM,25,11987
SIAYA,GEM,YALA TOWNSHIP,23,12054
SIAYA,RARIEDA,EAST ASEMBO,35,19161
SIAYA,RARIEDA,NORTH UYOMA,24,11514
SIAYA,RARIEDA,SOUTH UYOMA,19,10157
SIAYA,RARIEDA,WEST ASEMBO,40,19070
SIAYA,RARIEDA,WEST UYOMA,33,15877
SIAYA,UGENYA,EAST UGENYA,31,15293
SIAYA,UGENYA,NORTH UGENYA,27,14300
SIAYA,UGENYA,UKWALA,23,12415
SIAYA,UGENYA,WEST UGENYA,31,15595
SIAYA,UGUNJA,SIDINDI,26,12677
SIAYA,UGUNJA,SIGOMERE,32,15128
SIAYA,UGUNJA,UGUNJA,44,22682
TAITA TAVETA,MWATATE,BURA,24,8881
TAITA TAVETA,MWATATE,CHAWIA,20,8032
TAITA TAVETA,MWATATE,MWATATE,17,8580
TAITA TAVETA,MWATATE,RONG'E,19,6033
TAITA TAVETA,MWATATE,WUSI/KISHAMBA,16,7505
TAITA TAVETA,TAVETA,BOMANI,15,8481
TAITA TAVETA,TAVETA,CHALA,19,8058
TAITA TAVETA,TAVETA,MAHOO,14,5673
TAITA TAVETA,TAVETA,MATA,13,5166
TAITA TAVETA,TAVETA,MBOGHONI,18,6924
TAITA TAVETA,VOI,KALOLENI,27,14773
TAITA TAVETA,VOI,KASIGAU,15,7035
TAITA TAVETA,VOI,MARUNGU,11,5529
TAITA TAVETA,VOI,MBOLOLO,31,14030
TAITA TAVETA,VOI,NGOLIA,14,5388
TAITA TAVETA,VOI,SAGALLA,12,5717
TAITA TAVETA,WUNDANYI,MWANDA/MGANGE,17,6771
TAITA TAVETA,WUNDANYI,WERUGHA,11,5289
TAITA TAVETA,WUNDANYI,WUMINGU/KISHUSHE,16,6954
TAITA TAVETA,WUNDANYI,WUNDANYI/MBALE,25,10897
TANA RIVER,BURA,BANGALE,19,9408
TANA RIVER,BURA,CHEWELE,22,6897
TANA RIVER,BURA,HIRIMANI,25,9249
TANA RIVER,BURA,MADOGO,20,5970
TANA RIVER,BURA,SALA,15,6628
TANA RIVER,GALOLE,CHEWANI,31,12403
TANA RIVER,GALOLE,KINAKOMBA,22,7463
TANA RIVER,GALOLE,MIKINDUNI,12,5914
TANA RIVER,GALOLE,WAYU,28,7576
TANA RIVER,GARSEN,GARSEN CENTRAL,15,5906
TANA RIVER,GARSEN,GARSEN NORTH,22,8294
TANA RIVER,GARSEN,GARSEN SOUTH,19,8761
TANA RIVER,GARSEN,GARSEN WEST,21,9642
TANA RIVER,GARSEN,KIPINI EAST,17,7089
TANA RIVER,GARSEN,KIPINI WEST,19,7127
THARAKA - NITHI,CHUKA/IGAMBANG'OMBE,IGAMBANG'OMBE,69,15108
THARAKA - NITHI,CHUKA/IGAMBANG'OMBE,KARINGANI,34,16236
THARAKA - NITHI,CHUKA/IGAMBANG'OMBE,MAGUMONI,60,20951
THARAKA - NITHI,CHUKA/IGAMBANG'OMBE,MARIANI,26,9429
THARAKA - NITHI,CHUKA/IGAMBANG'OMBE,MUGWE,36,14762
THARAKA - NITHI,MAARA,CHOGORIA,56,20531
THARAKA - NITHI,MAARA,GANGA,27,11679
THARAKA - NITHI,MAARA,MITHERU,29,10220
THARAKA - NITHI,MAARA,MUTHAMBI,31,11935
THARAKA - NITHI,MAARA,MWIMBI,39,14364
THARAKA - NITHI,THARAKA,CHIAKARIGA,64,17392
THARAKA - NITHI,THARAKA,GATUNGA,40,12618
THARAKA - NITHI,THARAKA,MARIMANTI,52,17092
THARAKA - NITHI,THARAKA,MUKOTHIMA,35,12021
THARAKA - NITHI,THARAKA,NKONDI,27,8816
TRANS NZOIA,CHERANGANY,CHEPSIRO/KIPTOROR,21,9462
TRANS NZOIA,CHERANGANY,CHERANGANY/SUWERWA,29,13136
TRANS NZOIA,CHERANGANY,KAPLAMAI,23,11132
TRANS NZOIA,CHERANGANY,MAKUTANO,16,8134
TRANS NZOIA,CHERANGANY,MOTOSIET,26,13146
TRANS NZOIA,CHERANGANY,SINYERERE,20,9872
TRANS NZOIA,CHERANGANY,SITATUNGA,22,11624
TRANS NZOIA,ENDEBESS,CHEPCHOINA,34,15679
TRANS NZOIA,ENDEBESS,ENDEBESS,25,13846
TRANS NZOIA,ENDEBESS,MATUMBEI,27,13664
TRANS NZOIA,KIMININI,HOSPITAL,23,12330
TRANS NZOIA,KIMININI,KIMININI,26,14145
TRANS NZOIA,KIMININI,NABISWA,26,15361
TRANS NZOIA,KIMININI,SIKHENDU,16,9254
TRANS NZOIA,KIMININI,SIRENDE,20,10692
TRANS NZOIA,KIMININI,WAITALUK,26,15700
TRANS NZOIA,KWANZA,BIDII,26,15758
TRANS NZOIA,KWANZA,KAPOMBOI,37,19177
TRANS NZOIA,KWANZA,KEIYO,26,12603
TRANS NZOIA,KWANZA,KWANZA,35,18105
TRANS NZOIA,SABOTI,KINYORO,30,15563
TRANS NZOIA,SABOTI,MACHEWA,15,7531
TRANS NZOIA,SABOTI,MATISI,38,22738
TRANS NZOIA,SABOTI,SABOTI,23,12451
TRANS NZOIA,SABOTI,TUWANI,29,18519
TURKANA,LOIMA,KOTARUK/LOBEI,19,5963
TURKANA,LOIMA,LOIMA,10,3469
TURKANA,LOIMA,LOKIRIAMA/LORENGIPPI,22,3546
TURKANA,LOIMA,TURKWEL,58,16125
TURKANA,TURKANA CENTRAL,KALOKOL,24,7570
TURKANA,TURKANA CENTRAL,KANAMKEMER,20,9435
TURKANA,TURKANA CENTRAL,KANG'ATOTHA,26,6242
TURKANA,TURKANA CENTRAL,KERIO DELTA,36,9087
TURKANA,TURKANA CENTRAL,LODWAR TOWNSHIP,34,15532
TURKANA,TURKANA EAST,KAPEDO/NAPEITOM,32,2880
TURKANA,TURKANA EAST,KATILIA,17,4989
TURKANA,TURKANA EAST,LOKORI/KOCHODIN,22,7751
TURKANA,TURKANA NORTH,KAALENG/KAIKOR,21,6794
TURKANA,TURKANA NORTH,KAERIS,13,5158
TURKANA,TURKANA NORTH,KIBISH,10,3085
TURKANA,TURKANA NORTH,LAKE ZONE,28,8772
TURKANA,TURKANA NORTH,LAPUR,26,5826
TURKANA,TURKANA NORTH,NAKALALE,19,4373
TURKANA,TURKANA SOUTH,KALAPATA,16,3310
TURKANA,TURKANA SOUTH,KAPUTIR,14,3398
TURKANA,TURKANA SOUTH,KATILU,29,11774
TURKANA,TURKANA SOUTH,LOBOKAT,6,2770
TURKANA,TURKANA SOUTH,LOKICHAR,42,12170
TURKANA,TURKANA WEST,KAKUMA,25,10342
TURKANA,TURKANA WEST,KALOBEYEI,13,3712
TURKANA,TURKANA WEST,LETEA,16,3423
TURKANA,TURKANA WEST,LOKICHOGGIO,13,4718
TURKANA,TURKANA WEST,LOPUR,11,3752
TURKANA,TURKANA WEST,NANAAM,11,2581
TURKANA,TURKANA WEST,SONGOT,11,2888
UASIN GISHU,AINABKOI,AINABKOI/OLARE,39,17110
UASIN GISHU,AINABKOI,KAPSOYA,34,21103
UASIN GISHU,AINABKOI,KAPTAGAT,40,16584
UASIN GISHU,KAPSERET,KIPKENYO,22,13851
UASIN GISHU,KAPSERET,LANGAS,38,24056
UASIN GISHU,KAPSERET,MEGUN,15,6958
UASIN GISHU,KAPSERET,NGERIA,19,9374
UASIN GISHU,KAPSERET,SIMAT/KAPSERET,25,12343
UASIN GISHU,KESSES,CHEPTIRET/KIPCHAMO,31,14098
UASIN GISHU,KESSES,RACECOURSE,28,17396
UASIN GISHU,KESSES,TARAKWA,39,18117
UASIN GISHU,KESSES,TULWET/CHUIYAT,41,17525
UASIN GISHU,MOIBEN,KARUNA/MEIBEKI,26,10888
UASIN GISHU,MOIBEN,KIMUMU,40,23678
UASIN GISHU,MOIBEN,MOIBEN,28,12266
UASIN GISHU,MOIBEN,SERGOIT,20,8864
UASIN GISHU,MOIBEN,TEMBELIO,31,13126
UASIN GISHU,SOY,KAPKURES,15,8060
UASIN GISHU,SOY,KIPSOMBA,19,8702
UASIN GISHU,SOY,KUINET/KAPSUSWA,30,16163
UASIN GISHU,SOY,MOI'S BRIDGE,19,11817
UASIN GISHU,SOY,SEGERO/BARSOMBE,25,11894
UASIN GISHU,SOY,SOY,19,9933
UASIN GISHU,SOY,ZIWA,32,15298
UASIN GISHU,TURBO,HURUMA,47,31270
UASIN GISHU,TURBO,KAMAGUT,27,14328
UASIN GISHU,TURBO,KAPSAOS,23,14553
UASIN GISHU,TURBO,KIPLOMBE,42,24573
UASIN GISHU,TURBO,NGENYILEL,25,11743
UASIN GISHU,TURBO,TAPSAGOI,29,14384
VIHIGA,EMUHAYA,CENTRAL BUNYORE,27,12968
VIHIGA,EMUHAYA,NORTH EAST BUNYORE,26,13658
VIHIGA,EMUHAYA,WEST BUNYORE,34,14868
VIHIGA,HAMISI,BANJA,22,11367
VIHIGA,HAMISI,GISAMBAI,21,9102
VIHIGA,HAMISI,JEPKOYAI,19,9922
VIHIGA,HAMISI,MUHUDU,16,8114
VIHIGA,HAMISI,SHAMAKHOKHO,27,13340
VIHIGA,HAMISI,SHIRU,23,11470
VIHIGA,HAMISI,TAMBUA,20,10042
VIHIGA,LUANDA,EMABUNGO,24,11252
VIHIGA,LUANDA,LUANDA SOUTH,20,9823
VIHIGA,LUANDA,LUANDA TOWNSHIP,16,9018
VIHIGA,LUANDA,MWIBONA,17,8711
VIHIGA,LUANDA,WEMILABI,22,10410
VIHIGA,SABATIA,BUSALI,24,10622
VIHIGA,SABATIA,CHAVAKALI,18,8866
VIHIGA,SABATIA,LYADUYWA/IZAVA,27,13393
VIHIGA,SABATIA,NORTH MARAGOLI,17,9201
VIHIGA,SABATIA,WEST SABATIA,19,10657
VIHIGA,SABATIA,WODANGA,23,10296
VIHIGA,VIHIGA,CENTRAL MARAGOLI,21,11833
VIHIGA,VIHIGA,LUGAGA-WAMULUMA,30,15358
VIHIGA,VIHIGA,MUNGOMA,17,9046
VIHIGA,VIHIGA,SOUTH MARAGOLI,18,9072
WAJIR,ELDAS,DELLA,12,4994
WAJIR,ELDAS,ELDAS,13,3459
WAJIR,ELDAS,ELNUR/TULA TULA,17,7505
WAJIR,ELDAS,LAKOLEY SOUTH/BASIR,7,2718
WAJIR,TARBAJ,ELBEN,9,3358
WAJIR,TARBAJ,SARMAN,13,5625
WAJIR,TARBAJ,TARBAJ,19,7371
WAJIR,TARBAJ,WARGADUD,9,3345
WAJIR,WAJIR EAST,BARWAGO,13,6875
WAJIR,WAJIR EAST,KHOROF/HARAR,21,6903
WAJIR,WAJIR EAST,TOWNSHIP,17,7300
WAJIR,WAJIR EAST,WAGBERI,14,5886
WAJIR,WAJIR NORTH,BATALU,12,4690
WAJIR,WAJIR NORTH,BUTE,10,3161
WAJIR,WAJIR NORTH,DANABA,16,5404
WAJIR,WAJIR NORTH,GODOMA,8,2681
WAJIR,WAJIR NORTH,GURAR,9,1961
WAJIR,WAJIR NORTH,KORONDILE,14,4384
WAJIR,WAJIR NORTH,MALKAGUFU,7,2269
WAJIR,WAJIR SOUTH,BENANE,25,8859
WAJIR,WAJIR SOUTH,BURDER,10,3795
WAJIR,WAJIR SOUTH,DADAJA BULLA,8,4036
WAJIR,WAJIR SOUTH,DIIF,19,9019
WAJIR,WAJIR SOUTH,HABASSWEIN,24,8407
WAJIR,WAJIR SOUTH,IBRAHIM URE,17,5643
WAJIR,WAJIR SOUTH,LAGBOGHOL SOUTH,16,5710
WAJIR,WAJIR WEST,ADAMASAJIDE,15,5107
WAJIR,WAJIR WEST,ARBAJAHAN,16,6485
WAJIR,WAJIR WEST,GANYURE/WAGALLA,28,8858
WAJIR,WAJIR WEST,HADADO/ATHIBOHOL,16,7094
WEST POKOT,KACHELIBA,ALALE,49,9564
WEST POKOT,KACHELIBA,KAPCHOK,19,6138
WEST POKOT,KACHELIBA,KASEI,32,6222
WEST POKOT,KACHELIBA,KIWAWA,33,7354
WEST POKOT,KACHELIBA,KODICH,26,7065
WEST POKOT,KACHELIBA,SUAM,28,6289
WEST POKOT,KAPENGURIA,ENDUGH,32,7072
WEST POKOT,KAPENGURIA,KAPENGURIA,32,10207
WEST POKOT,KAPENGURIA,MNAGEI,36,15354
WEST POKOT,KAPENGURIA,RIWO,50,10990
WEST POKOT,KAPENGURIA,SIYOI,16,6757
WEST POKOT,KAPENGURIA,SOOK,28,5221
WEST POKOT,POKOT SOUTH,BATEI,38,10691
WEST POKOT,POKOT SOUTH,CHEPARERIA,65,15345
WEST POKOT,POKOT SOUTH,LELAN,65,12425
WEST POKOT,POKOT SOUTH,TAPACH,37,9609
WEST POKOT,SIGOR,LOMUT,43,10079
WEST POKOT,SIGOR,MASOOL,16,4966
WEST POKOT,SIGOR,SEKERR,27,7524
WEST POKOT,SIGOR,WEIWEI,40,11360
