county,constituency,ward,no_of_polling_station,no_of_registered_voters
DIASPORA,DIASPORA,BURUNDI,1,201
DIASPORA,DIASPORA,GERMANY,1,314
DIASPORA,DIASPORA,RWANDA,2,1090
DIASPORA,DIASPORA,SOUTH AFRICA,2,958
DIASPORA,DIASPORA,SOUTH SUDAN,2,977
DIASPORA,DIASPORA,UNITED ARAB EMIRATES,2,745
DIASPORA,DIASPORA,UNITED KINGDOM,2,798
DIASPORA,DIASPORA,CANADA,3,366
DIASPORA,DIASPORA,QATAR,3,1437
DIASPORA,DIASPORA,TANZANIA,3,1402
DIASPORA,DIASPORA,UGANDA,3,1411
DIASPORA,DIASPORA,UNITED STATES OF AMERICA,3,744
LAMU,LAMU EAST,BASUBA,5,949
MANDERA,MANDERA NORTH,MOROTHILE,6,2777
MANDERA,LAFEY,SALA,6,2412
GARISSA,LAGDERA,GOREALE,7,2438
MANDERA,BANISSA,GUBA,7,1539
MANDERA,LAFEY,FINO,8,2786
GARISSA,DADAAB,LABASIGALE,8,4331
GARISSA,LAGDERA,SABENA,8,3394
MANDERA,LAFEY,ALANGO GOF,9,4478
MARSABIT,LAISAMIS,LOGO LOGO,9,4133
LAMU,LAMU WEST,SHELLA,9,3632
GARISSA,BALAMBALA,JARA JARA,10,2729
GARISSA,FAFI,JARAJILA,10,3123
WAJIR,WAJIR NORTH,MALKAGUFU,10,4031
ELGEYO/MARAKWET,MARAKWET WEST,ARROR,11,5243
WAJIR,WAJIR NORTH,GODOMA,11,3168
WAJIR,WAJIR NORTH,GURAR,11,3885
MARSABIT,NORTH HORR,ILLERET,11,3691
MIGORI,NYATIKE,KALER,11,5727
HOMA BAY,NDHIWA,KANYIKELA,11,5350
LAMU,LAMU EAST,KIUNGA,11,4583
TURKANA,TURKANA SOUTH,LOBOKAT,11,4259
MOMBASA,KISAUNI,MWAKIRUNGE,11,6423
MIGORI,KURIA EAST,NTIMARU EAST,11,5591
MANDERA,MANDERA EAST,ARABIA,12,4187
NAKURU,NAKURU TOWN WEST,BARUT,12,6699
GARISSA,LAGDERA,BENANE,12,4463
BUSIA,MATAYOS,BUSIBWABO,12,6500
TURKANA,TURKANA NORTH,KIBISH,12,3684
WAJIR,ELDAS,LAKOLEY SOUTH/BASIR,12,3443
TURKANA,TURKANA WEST,LOPUR,12,5697
KAJIADO,KAJIADO WEST,MOSIRO,12,4214
KAJIADO,KAJIADO CENTRAL,PURKO,12,4848
GARISSA,IJARA,SANGAILU,12,4919
SAMBURU,SAMBURU NORTH,BAAWA,13,4887
WAJIR,WAJIR SOUTH,BURDER,13,4863
WAJIR,WAJIR NORTH,BUTE,13,3786
GARISSA,DADAAB,DADAAB,13,5657
WAJIR,TARBAJ,ELBEN,13,3562
LAMU,LAMU WEST,HONGWE,13,5071
TAITA TAVETA,VOI,MARUNGU,13,6681
TURKANA,TURKANA WEST,NANAAM,13,4153
TURKANA,TURKANA WEST,SONGOT,13,4733
WAJIR,WAJIR SOUTH,DADAJA BULLA,14,5389
MANDERA,BANISSA,DERKHALE,14,7068
MARSABIT,SAKU,KARARE,14,4723
MANDERA,MANDERA EAST,LIBEHIA,14,6296
TURKANA,LOIMA,LOIMA,14,3978
TURKANA,TURKANA WEST,LOKICHOGGIO,14,5490
SAMBURU,SAMBURU WEST,LOOSUK,14,5280
TAITA TAVETA,TAVETA,MAHOO,14,6817
MIGORI,KURIA WEST,MAKERERO,14,6056
BUSIA,MATAYOS,MAYENJE,14,8184
TAITA TAVETA,VOI,SAGALLA,14,7067
MANDERA,LAFEY,WARANQARA,14,3956
WAJIR,TARBAJ,WARGADUD,14,4420
TAITA TAVETA,WUNDANYI,WERUGHA,14,6085
SAMBURU,SAMBURU NORTH,ANGATA NANYOKIE,15,4204
GARISSA,LAGDERA,BARAKI,15,5175
MIGORI,KURIA WEST,BUKIRA CENTRL/IKEREGE,15,7865
ISIOLO,ISIOLO NORTH,CHARI,15,4486
MANDERA,MANDERA SOUTH,ELWAK NORTH,15,6279
KISII,SOUTH MUGIRANGO,GETENGA,15,7615
MARSABIT,LAISAMIS,KARGI/SOUTH HORR,15,5327
GARISSA,DADAAB,LIBOI,15,5362
TRANS NZOIA,SABOTI,MACHEWA,15,8918
TAITA TAVETA,TAVETA,MATA,15,5988
ISIOLO,ISIOLO NORTH,NGARE MARA,15,5434
TAITA TAVETA,VOI,NGOLIA,15,6373
KIAMBU,THIKA TOWN,NGOLIBA,15,10102
SAMBURU,SAMBURU WEST,PORO,15,5873
BUSIA,BUDALANGI,BUNYALA CENTRAL,16,7725
GARISSA,FAFI,BURA,16,5272
GARISSA,DADAAB,DERTU,16,3744
MIGORI,URIRI,EAST KANYAMKAGO,16,7489
MIGORI,KURIA WEST,ISIBANIA,16,9169
KILIFI,MALINDI,KAKUYUNI,16,8750
UASIN GISHU,SOY,KAPKURES,16,9020
TAITA TAVETA,VOI,KASIGAU,16,7829
KERICHO,AINAMOI,KIPCHIMCHIM,16,7969
MANDERA,LAFEY,LAFEY,16,4932
MARSABIT,LAISAMIS,LAISAMIS,16,6925
MANDERA,BANISSA,MALKAMARI,16,6440
NAROK,EMURUA DIKIRR,MOGONDO,16,8019
SAMBURU,SAMBURU NORTH,NACHOLA,16,3194
MARSABIT,MOYALE,OBBU,16,4120
SIAYA,ALEGO USONGA,USONGA,16,9273
MANDERA,MANDERA NORTH,ASHABITO,17,7806
GARISSA,BALAMBALA,BALAMBALA,17,4414
KISII,KITUTU CHACHE SOUTH,BOGEKA,17,7774
KISII,BOMACHOGE BORABU,BOOCHI BORABU,17,8650
MIGORI,KURIA WEST,BUKIRA EAST,17,8957
GARISSA,BALAMBALA,DANYERE,17,3924
TURKANA,TURKANA WEST,KALOBEYEI,17,5099
NAKURU,NAKURU TOWN WEST,KAPKURES,17,10590
TURKANA,TURKANA SOUTH,KAPUTIR,17,4123
BUNGOMA,BUMULA,KHASOKO,17,9270
MANDERA,MANDERA WEST,LAGSURE,17,6746
GARISSA,LAGDERA,MAALIMIN,17,5091
VIHIGA,HAMISI,MUHUDU,17,9183
KAKAMEGA,MUMIAS WEST,MUMIAS NORTH,17,9113
KILIFI,RABAI,MWAWESA,17,8793
MIGORI,KURIA EAST,NTIMARU WEST,17,8628
KIAMBU,KABETE,UTHIRU,17,11341
MANDERA,MANDERA SOUTH,WARGADUD,17,7341
BUSIA,TESO NORTH,ANG'URAI EAST,18,7764
WAJIR,WAJIR NORTH,BATALU,18,6364
TAITA TAVETA,TAVETA,BOMANI,18,10441
WAJIR,ELDAS,DELLA,18,6188
WAJIR,ELDAS,ELDAS,18,4630
GARISSA,FAFI,FAFI,18,7050
TURKANA,TURKANA NORTH,KAERIS,18,6586
KIAMBU,RUIRU,KAHAWA SUKARI,18,11697
WAJIR,WAJIR NORTH,KORONDILE,18,5317
KAKAMEGA,LURAMBI,MAHIAKALO,18,9750
BUSIA,TESO NORTH,MALABA NORTH,18,8401
ELGEYO/MARAKWET,KEIYO SOUTH,METKEI,18,7980
TANA RIVER,GALOLE,MIKINDUNI,18,7570
TAITA TAVETA,WUNDANYI,MWANDA/MGANGE,18,7928
NAKURU,NJORO,NESSUIT,18,9692
KILIFI,MAGARINI,SABAKI,18,9589
ISIOLO,ISIOLO SOUTH,SERICHO,18,6058
MANDERA,MANDERA WEST,TAKABA,18,5683
KERICHO,KIPKELION EAST,TENDENO/SORGET,18,9065
BUNGOMA,BUMULA,WEST BUKUSU,18,9769
VIHIGA,SABATIA,CHAVAKALI,19,10564
HOMA BAY,KASIPUL,EAST KAMAGAK,19,9074
ELGEYO/MARAKWET,KEIYO NORTH,EMSOO,19,6461
MIGORI,KURIA EAST,GOKEHARAKA/GETAMBWEGA,19,7962
HOMA BAY,HOMA BAY TOWN,HOMA BAY WEST,19,8283
NAIROBI CITY,MATHARE,HOSPITAL,19,12512
BUNGOMA,BUMULA,KABULA,19,9817
KAKAMEGA,MATUNGU,KHALABA,19,9414
MIGORI,SUNA EAST,KWA,19,8929
MACHAKOS,MATUNGULU,KYELENI,19,9080
TURKANA,TURKANA WEST,LETEA,19,5348
BARINGO,TIATY,LOIYAMOROCK,19,4137
UASIN GISHU,KAPSERET,MEGUN,19,8159
VIHIGA,VIHIGA,MUNGOMA,19,10602
TAITA TAVETA,MWATATE,MWATATE,19,10082
GARISSA,FAFI,NANIGHI,19,7150
SAMBURU,SAMBURU NORTH,NDOTO,19,6088
VIHIGA,SABATIA,NORTH MARAGOLI,19,10314
ISIOLO,ISIOLO NORTH,OLDO/NYIRO,19,5984
TAITA TAVETA,MWATATE,RONG'E,19,7080
NAROK,NAROK SOUTH,SAGAMIAN,19,7523
TRANS NZOIA,KIMININI,SIKHENDU,19,11573
MANDERA,MANDERA WEST,TAKABA SOUTH,19,6742
WAJIR,WAJIR EAST,WAGBERI,19,7353
TAITA TAVETA,WUNDANYI,WUMINGU/KISHUSHE,19,8007
TAITA TAVETA,MWATATE,WUSI/KISHAMBA,19,8104
BUSIA,TESO SOUTH,AMUKURA WEST,20,8862
MERU,TIGANIA WEST,ATHWANA,20,9123
BUSIA,NAMBALE,BUKHAYO CENTRAL,20,10348
KAKAMEGA,LURAMBI,BUTSOTSO SOUTH,20,9094
BUSIA,TESO SOUTH,CHAKOL NORTH,20,9450
TAITA TAVETA,TAVETA,CHALA,20,9682
BOMET,KONOIN,CHEPCHABAS,20,9316
WAJIR,WAJIR NORTH,DANABA,20,7376
KAKAMEGA,MALAVA,EAST KABRAS,20,9995
SAMBURU,SAMBURU NORTH,EL-BARTA,20,5678
MANDERA,MANDERA SOUTH,ELWAK SOUTH,20,6095
ISIOLO,ISIOLO SOUTH,GARBATULLA,20,7238
TANA RIVER,GARSEN,GARSEN CENTRAL,20,8256
KAKAMEGA,NAVAKHOLO,INGOSTSE-MATHIA,20,10171
KAKAMEGA,SHINYALU,ISUKHA WEST,20,10181
BUSIA,BUTULA,KINGANDOLE,20,9906
TANA RIVER,GARSEN,KIPINI EAST,20,7898
UASIN GISHU,SOY,KIPSOMBA,20,9928
HOMA BAY,KABONDO KASIPUL,KOJWACH,20,10519
VIHIGA,LUANDA,LUANDA TOWNSHIP,20,10486
TRANS NZOIA,CHERANGANY,MAKUTANO,20,9318
KISUMU,MUHORONI,MIWANI,20,10846
MARSABIT,MOYALE,MOYALE TOWNSHIP,20,10237
MACHAKOS,MASINGA,MUTHESYA,20,8874
KISII,KITUTU CHACHE SOUTH,NYATIEKO,20,10340
HOMA BAY,SUBA SOUTH,RUMA-KAKSINGRI,20,7040
BARINGO,TIATY,SILALE,20,3744
MARSABIT,MOYALE,SOLOLO,20,8376
MIGORI,KURIA WEST,TAGARE,20,9780
MANDERA,BANISSA,BANISSA,21,9898
WAJIR,WAJIR EAST,BARWAGO,21,10302
KISII,BONCHARI,BOMARIBA,21,11167
TAITA TAVETA,MWATATE,CHAWIA,21,9208
BOMET,BOMET EAST,CHEMANER,21,9389
NANDI,TINDERET,CHEMELIL/CHEMASE,21,8377
GARISSA,FAFI,DEKAHARIA,21,4740
KISUMU,NYANDO,EAST KANO/WAWIDHI,21,10146
BUSIA,BUTULA,ELUGULU,21,10169
KIAMBU,THIKA TOWN,GATUANYAGA,21,12555
LAMU,LAMU WEST,HINDI,21,8533
WAJIR,WAJIR SOUTH,IBRAHIM URE,21,6179
KAJIADO,KAJIADO CENTRAL,ILDAMAT,21,9535
KAJIADO,KAJIADO EAST,IMARORO,21,9400
KAKAMEGA,SHINYALU,ISUKHA EAST,21,9724
TURKANA,TURKANA SOUTH,KALAPATA,21,4329
TURKANA,TURKANA CENTRAL,KANAMKEMER,21,11222
KIRINYAGA,MWEA,KANGAI,21,12568
HOMA BAY,NDHIWA,KANYADOTO,21,9315
MIGORI,NYATIKE,KANYASA,21,7748
NANDI,NANDI HILLS,KAPCHORUA,21,8480
KISII,KITUTU CHACHE NORTH,KEGOGI,21,10989
KISII,NYARIBARI CHACHE,KEUMBU,21,10022
NAKURU,NJORO,KIHINGO,21,10237
NANDI,CHESUMEI,KIPTUYA,21,10514
KAKAMEGA,KHWISERO,KISA WEST,21,10815
KERICHO,KIPKELION WEST,KUNYAK,21,8876
MOMBASA,LIKONI,LIKONI,21,13273
MARSABIT,LAISAMIS,LOIYANGALANI,21,7669
KAKAMEGA,BUTERE,MARAMA SOUTH,21,11358
KAKAMEGA,BUTERE,MARENYO - SHIANDA,21,10996
TAITA TAVETA,TAVETA,MBOGHONI,21,8103
UASIN GISHU,SOY,MOI'S BRIDGE,21,12754
NAIROBI CITY,DAGORETTI SOUTH,MUTU-INI,21,13484
VIHIGA,LUANDA,MWIBONA,21,10132
TURKANA,TURKANA NORTH,NAKALALE,21,6435
BUNGOMA,TONGAREN,NDALU/ TABANI,21,11250
NAROK,NAROK NORTH,NKARETA,21,9611
NYANDARUA,KINANGOP,NORTH KINANGOP,21,11265
MIGORI,KURIA EAST,NYABASI EAST,21,8930
LAIKIPIA,LAIKIPIA WEST,OL-MORAN,21,10012
NAKURU,NAKURU TOWN WEST,RHODA,21,14108
WAJIR,TARBAJ,SARMAN,21,7416
ELGEYO/MARAKWET,MARAKWET WEST,SENGWER,21,9603
TRANS NZOIA,KIMININI,SIRENDE,21,12311
NAROK,NAROK SOUTH,SOGOO,21,10072
SIAYA,RARIEDA,SOUTH UYOMA,21,11140
SAMBURU,SAMBURU WEST,SUGUTA MARMAR,21,7199
SAMBURU,SAMBURU EAST,WASO,21,6707
WAJIR,WAJIR WEST,ADAMASAJIDE,22,6541
BUSIA,TESO NORTH,ANG'URAI SOUTH,22,9821
TANA RIVER,BURA,BANGALE,22,10129
KISII,BOBASI,BOBASI BOITANGARE,22,10469
KISII,SOUTH MUGIRANGO,BOIKANG'A,22,10127
NYAMIRA,NORTH MUGIRANGO,BOMWAGAMO,22,10152
KAKAMEGA,NAVAKHOLO,BUNYALA EAST,22,11126
MARSABIT,MOYALE,BUTIYE,22,9614
BUSIA,FUNYULA,BWIRI,22,11320
KIAMBU,KIAMBAA,CIANDA,22,12842
KIRINYAGA,MWEA,GATHIGIRIRI,22,11993
MIGORI,SUNA EAST,GOD JOPE,22,10344
MARSABIT,MOYALE,HEILLU/MANYATTA,22,10431
GARISSA,IJARA,HULUGHO,22,6266
KILIFI,MALINDI,JILORE,22,10464
KIAMBU,LARI,KAMBURU,22,12018
NANDI,EMGWEN,KAPKANGANI,22,9571
NAROK,EMURUA DIKIRR,KAPSASIAN,22,9952
KERICHO,BELGUT,KAPSUSER,22,11456
BUNGOMA,KIMILILI,MAENI,22,11452
KILIFI,KALOLENI,MWANAMWINGA,22,10785
KIAMBU,RUIRU,MWIHOKO,22,14086
MANDERA,MANDERA EAST,NEBOI,22,11840
UASIN GISHU,KAPSERET,NGERIA,22,11103
MIGORI,RONGO,NORTH KAMAGAMBO,22,10426
KISII,KITUTU CHACHE SOUTH,NYAKOE,22,12178
KISUMU,KISUMU EAST,NYALENDA 'A',22,13765
KILIFI,RABAI,RURUMA,22,12058
BARINGO,BARINGO CENTRAL,SACHO,22,6205
GARISSA,BALAMBALA,SAKA,22,5413
UASIN GISHU,MOIBEN,SERGOIT,22,10267
KERICHO,SIGOWET/SOIN,SOLIAT,22,9682
VIHIGA,VIHIGA,SOUTH MARAGOLI,22,11192
NAROK,NAROK EAST,SUSWA,22,11180
GARISSA,GARISSA TOWNSHIP,TOWNSHIP,22,13419
GARISSA,GARISSA TOWNSHIP,WABERI,22,11657
KIRINYAGA,MWEA,WAMUMU,22,12249
NAROK,KILGORIS,ANGATA BARIKOI,23,10634
VIHIGA,HAMISI,BANJA,23,11950
BUSIA,NAMBALE,BUKHAYO EAST,23,11614
VIHIGA,VIHIGA,CENTRAL MARAGOLI,23,13114
KERICHO,BELGUT,CHAIK,23,10584
TANA RIVER,BURA,CHEWELE,23,8109
MANDERA,MANDERA WEST,DANDU,23,9544
NYERI,NYERI TOWN,GATITU/MURUGURU,23,11363
NYANDARUA,KIPIPIRI,GETA,23,11098
VIHIGA,HAMISI,GISAMBAI,23,10216
WAJIR,WAJIR WEST,HADADO/ATHIBOHOL,23,7818
KAKAMEGA,IKOLOMANI,IDAKHO SOUTH,23,10404
KAKAMEGA,SHINYALU,ISUKHA NORTH,23,11965
MURANG'A,GATANGA,ITHANGA,23,11310
VIHIGA,HAMISI,JEPKOYAI,23,10933
KILIFI,RABAI,KAMBE/RIBE,23,11119
HOMA BAY,KARACHUONYO,KANYALUO,23,11255
ELGEYO/MARAKWET,KEIYO SOUTH,KAPTARAKWA,23,10426
TURKANA,TURKANA EAST,KATILIA,23,6357
NAROK,NAROK EAST,KEEKONYOKIE,23,11121
NAROK,KILGORIS,KEYIAN,23,10241
MERU,TIGANIA EAST,KIGUCHWA,23,11544
MAKUENI,KIBWEZI WEST,KIKUMBULYU NORTH,23,9889
MANDERA,BANISSA,KILIWEHIRI,23,7758
KAJIADO,KAJIADO SOUTH,KIMANA,23,11579
ISIOLO,ISIOLO SOUTH,KINNA,23,8885
KAKAMEGA,KHWISERO,KISA NORTH,23,10810
WAJIR,WAJIR SOUTH,LAGBOGHOL SOUTH,23,7541
TANA RIVER,BURA,MADOGO,23,7884
MOMBASA,KISAUNI,MAGOGONI,23,15105
KISUMU,KISUMU EAST,MANYATTA 'B',23,15095
BUSIA,BUTULA,MARACHI EAST,23,11105
KAKAMEGA,BUTERE,MARAMA NORTH,23,10961
WEST POKOT,SIGOR,MASOOL,23,8187
GARISSA,LAGDERA,MODOGASHE,23,6388
KILIFI,KILIFI SOUTH,MWARAKAYA,23,12714
NYERI,KIENI,MWEIGA,23,12064
TANA RIVER,BURA,SALA,23,8806
LAIKIPIA,LAIKIPIA WEST,SALAMA,23,9648
NANDI,MOSOP,SANGALO/KEBULONIK,23,10449
KAKAMEGA,LIKUYANI,SANGO,23,12022
MANDERA,MANDERA SOUTH,SHIMBIR FATUMA,23,7853
VIHIGA,HAMISI,SHIRU,23,12686
TRANS NZOIA,CHERANGANY,SINYERERE,23,11603
KISUMU,NYAKACH,SOUTH WEST NYAKACH,23,10003
UASIN GISHU,SOY,SOY,23,11500
BARINGO,BARINGO CENTRAL,TENGES,23,6020
WAJIR,WAJIR EAST,TOWNSHIP,23,10065
MARSABIT,NORTH HORR,TURBI,23,6677
MIGORI,SUNA WEST,WASIMBETE,23,10771
VIHIGA,SABATIA,WEST SABATIA,23,11930
VIHIGA,SABATIA,WODANGA,23,11351
GARISSA,DADAAB,ABAKAILE,24,9331
KERICHO,AINAMOI,AINAMOI,24,10473
NAIROBI CITY,KAMUKUNJI,AIRBASE,24,16352
BUSIA,TESO SOUTH,AMUKURA EAST,24,11549
BUSIA,TESO NORTH,ANG'URAI NORTH,24,10148
NAKURU,NAIVASHA,BIASHARA,24,11915
KIAMBU,LIMURU,BIBIRIONI,24,14044
KISII,KITUTU CHACHE SOUTH,BOGUSERO,24,12271
KISII,BOMACHOGE BORABU,BOMBABA BORABU,24,12474
BUNGOMA,KANDUYI,BUKEMBE WEST,24,10831
BUSIA,NAMBALE,BUKHAYO NORTH/WALTSI,24,10945
BUSIA,BUDALANGI,BUNYALA SOUTH,24,9807
KAKAMEGA,LURAMBI,BUTSOTSO EAST,24,11165
KAKAMEGA,LUGARI,CHEKALINI,24,11992
NANDI,EMGWEN,CHEPKUMIA,24,9736
KERICHO,BELGUT,CHEPTORORIET/SERETUT,24,11964
BUNGOMA,MT. ELGON,CHESIKAKI,24,11375
BARINGO,TIATY,CHURO/AMAYA,24,6244
KILIFI,KILIFI NORTH,DABASO,24,13717
WAJIR,ELDAS,ELNUR/TULA TULA,24,9098
BARINGO,BARINGO CENTRAL,EWALEL/CHAPCHAP,24,9551
TANA RIVER,GARSEN,GARSEN SOUTH,24,9990
TRANS NZOIA,KIMININI,HOSPITAL,24,14565
NAROK,NAROK EAST,ILDAMAT,24,10070
TURKANA,TURKANA NORTH,KAALENG/KAIKOR,24,8148
MIGORI,NYATIKE,KACHIEN'G,24,10551
TANA RIVER,GALOLE,KINAKOMBA,24,8318
KISII,NYARIBARI CHACHE,KIOGORO,24,10510
TANA RIVER,GARSEN,KIPINI WEST,24,9180
NYANDARUA,NDARAGWA,KIRIITA,24,12977
KAKAMEGA,KHWISERO,KISA EAST,24,10385
NAKURU,NAKURU TOWN EAST,KIVUMBINI,24,14199
BARINGO,ELDAMA RAVINE,KOIBATEK,24,7763
MACHAKOS,MACHAKOS TOWN,KOLA,24,10975
NANDI,MOSOP,KURGUNG/SURUNGAI,24,10626
BUSIA,BUTULA,MARACHI WEST,24,11575
NAKURU,MOLO,MARIASHONI,24,9669
MIGORI,KURIA WEST,MASABA,24,9214
NYAMIRA,BORABU,MEKENENE,24,10730
LAMU,LAMU WEST,MKOMANI,24,12571
MOMBASA,LIKONI,MTONGWE,24,13937
LAIKIPIA,LAIKIPIA NORTH,MUGOGODO WEST,24,6436
BARINGO,ELDAMA RAVINE,MUMBERES/MAJI MAZURI,24,11165
KIAMBU,KIKUYU,NACHU,24,14044
NANDI,MOSOP,NDALAT,24,11127
MIGORI,AWENDO,NORTH SAKWA,24,11768
SIAYA,RARIEDA,NORTH UYOMA,24,13158
MERU,IGEMBE NORTH,NTUNENE,24,11829
MIGORI,KURIA EAST,NYABASI WEST,24,10865
NANDI,NANDI HILLS,OL'LESSOS,24,11254
NAROK,NAROK NORTH,OLPUSIMORU,24,9260
MANDERA,MANDERA NORTH,RHAMU-DIMTU,24,9187
MURANG'A,KANGEMA,RWATHIA,24,12852
KAKAMEGA,LIKUYANI,SINOKO,24,12345
TRANS NZOIA,CHERANGANY,SITATUNGA,24,13603
WEST POKOT,KAPENGURIA,SIYOI,24,8279
BUNGOMA,BUMULA,SOUTH BUKUSU,24,11587
VIHIGA,HAMISI,TAMBUA,24,10913
NYAMIRA,WEST MUGIRANGO,TOWNSHIP,24,15018
SAMBURU,SAMBURU EAST,WAMBA EAST,24,8017
BUSIA,TESO SOUTH,AMUKURA CENTRAL,25,12326
LAMU,LAMU WEST,BAHARI,25,11036
KISII,NYARIBARI CHACHE,BIRONGO,25,11320
ISIOLO,ISIOLO NORTH,BULLA PESA,25,15125
BUSIA,BUDALANGI,BUNYALA NORTH,25,13637
VIHIGA,SABATIA,BUSALI,25,11817
HOMA BAY,KARACHUONYO,CENTRAL,25,12560
SIAYA,GEM,CENTRAL GEM,25,13633
MIGORI,URIRI,CENTRAL KANYAMKAGO,25,10295
HOMA BAY,RANGWE,EAST GEM,25,13448
KITUI,KITUI EAST,ENDAU/MALALANI,25,7897
TANA RIVER,GARSEN,GARSEN NORTH,25,9130
NYERI,KIENI,GATARAKWA,25,12086
EMBU,MANYATTA,GATURI SOUTH,25,10512
HOMA BAY,SUBA NORTH,GEMBE,25,9941
KIAMBU,RUIRU,GITOTHUA,25,16154
MIGORI,NYATIKE,GOT KACHOLA,25,10923
HOMA BAY,HOMA BAY TOWN,HOMA BAY ARUJO,25,13283
NYERI,KIENI,KABARU,25,13280
ELGEYO/MARAKWET,KEIYO SOUTH,KABIEMIT,25,10136
NANDI,ALDAI,KABWARENG,25,11616
MURANG'A,KIGUMO,KAHUMBU,25,11652
NYANDARUA,OL KALOU,KAIMBAGA,25,13540
TURKANA,TURKANA CENTRAL,KALOKOL,25,9179
EMBU,MBEERE SOUTH,KIAMBERE,25,8569
KISII,NYARIBARI MASABA,KIAMOKAMA,25,12392
NAROK,KILGORIS,KIMINTET,25,10401
NANDI,MOSOP,KIPKAREN,25,11748
KAKAMEGA,LIKUYANI,KONGONI,25,14564
MARSABIT,LAISAMIS,KORR/NGURUNIT,25,9392
MANDERA,MANDERA SOUTH,KUTULO,25,7123
SAMBURU,SAMBURU WEST,LODOKEJEK,25,7458
NAROK,NAROK SOUTH,LOITA,25,11350
VIHIGA,LUANDA,LUANDA SOUTH,25,11484
BUSIA,TESO NORTH,MALABA SOUTH,25,10413
BUSIA,BUTULA,MARACHI CENTRAL,25,11685
KILIFI,MAGARINI,MARAFA,25,9026
MERU,TIGANIA WEST,MBEU,25,10384
KAJIADO,KAJIADO SOUTH,MBIRIKANI/ESELENKEI,25,10725
NYANDARUA,OL KALOU,MIRANGINE,25,14695
LAMU,LAMU WEST,MKUNUMBI,25,8866
ELGEYO/MARAKWET,MARAKWET WEST,MOIBEN/KUSERWO,25,10775
KISII,SOUTH MUGIRANGO,MOTICHO,25,12699
MIGORI,NYATIKE,MUHURU,25,10183
NYERI,MUKURWEINI,MUKURWE-INI WEST,25,12801
BARINGO,BARINGO SOUTH,MUKUTANI,25,5272
MACHAKOS,MACHAKOS TOWN,MUMBUNI NORTH,25,13778
KAKAMEGA,SHINYALU,MURHANDA,25,12994
BOMET,BOMET CENTRAL,MUTARAKWA,25,11295
NAROK,NAROK WEST,NAIKARRA,25,12941
BUSIA,FUNYULA,NANGINA,25,12527
MURANG'A,KANDARA,NG'ARARIA,25,13776
MARSABIT,NORTH HORR,NORTH HORR,25,8547
MIGORI,KURIA WEST,NYAMOSENSE/KOMOSOKO,25,11203
NAROK,NAROK NORTH,OLOKURTO,25,11038
BARINGO,ELDAMA RAVINE,RAVINE,25,11047
MERU,BUURI,RUIRI/RWARERA,25,11521
NYERI,NYERI TOWN,RURING'U,25,13780
TRANS NZOIA,SABOTI,SABOTI,25,14202
KISII,BOBASI,SAMETA/MOKWERERO,25,11884
LAIKIPIA,LAIKIPIA NORTH,SEGERA,25,11570
KAKAMEGA,NAVAKHOLO,SHINOYI-SHIKOMARI-ESUMEYIA,25,11689
ELGEYO/MARAKWET,KEIYO SOUTH,SOY NORTH,25,9194
KIAMBU,KIAMBU,TING'ANG'A,25,14457
LAIKIPIA,LAIKIPIA EAST,UMANDE,25,12220
MIGORI,SUNA WEST,WASWETA II,25,12007
KAKAMEGA,MALAVA,WEST KABRAS,25,11699
MIGORI,AWENDO,WEST SAKWA,25,11831
NAIROBI CITY,STAREHE,ZIWANI/KARIOKOR,25,16790
WAJIR,WAJIR WEST,ARBAJAHAN,26,8593
BUNGOMA,KANDUYI,BUKEMBE EAST,26,13035
ISIOLO,ISIOLO NORTH,BURAT,26,13195
NAIROBI CITY,KAMUKUNJI,CALIFORNIA,26,17492
NANDI,MOSOP,CHEPTERWAI,26,9837
ELGEYO/MARAKWET,MARAKWET WEST,CHERANG'ANY/CHEBORORWA,26,9679
GARISSA,DADAAB,DAMAJALE,26,9760
WAJIR,WAJIR SOUTH,DIIF,26,11282
MARSABIT,NORTH HORR,DUKANA,26,8075
ELGEYO/MARAKWET,MARAKWET EAST,EMBOBUT / EMBULOT,26,7625
NYANDARUA,OL JOROK,GATHANJI,26,12792
NYANDARUA,OL JOROK,GATIMU,26,14875
KIAMBU,RUIRU,GATONGORA,26,15760
NYERI,MUKURWEINI,GIKONDI,26,12644
NYANDARUA,KINANGOP,GITHABAI,26,11473
MANDERA,MANDERA WEST,GITHER,26,8922
MURANG'A,MARAGWA,ICHAGAKI,26,13524
MERU,SOUTH IMENTI,IGOJI WEST,26,12496
KAJIADO,KAJIADO WEST,ILOODOKILANI,26,9476
NYAMIRA,NORTH MUGIRANGO,ITIBO,26,13950
NAIROBI CITY,ROYSAMBU,KAHAWA,26,17428
KIAMBU,RUIRU,KAHAWA WENDANI,26,17183
TURKANA,TURKANA WEST,KAKUMA,26,12153
KERICHO,BURETI,KAPKATET,26,12304
UASIN GISHU,TURBO,KAPSAOS,26,16119
ELGEYO/MARAKWET,MARAKWET EAST,KAPYEGO,26,8415
KIAMBU,KIKUYU,KARAI,26,15710
HOMA BAY,KARACHUONYO,KENDU BAY TOWN,26,13350
BUNGOMA,KANDUYI,KHALABA,26,14167
KIAMBU,GATUNDU SOUTH,KIAMWANGI,26,13808
KWALE,MSAMBWENI,KINONDO,26,13463
MOMBASA,CHANGAMWE,KIPEVU,26,16132
UASIN GISHU,KAPSERET,KIPKENYO,26,15509
NYERI,MATHIRA,KONYU,26,13428
NYANDARUA,KINANGOP,MAGUMU,26,14827
KISII,BOMACHOGE CHACHE,MAJOGE BASI,26,13016
BUSIA,TESO NORTH,MALABA CENTRAL,26,13248
BUSIA,BUTULA,MARACHI NORTH,26,12937
THARAKA - NITHI,CHUKA/IGAMBANG'OMBE,MARIANI,26,10573
MACHAKOS,MATUNGULU,MATUNGULU NORTH,26,12504
EMBU,MBEERE NORTH,MUMINJI,26,9849
NYERI,KIENI,MWIYOGO/ENDARASHA,26,12691
BOMET,BOMET CENTRAL,NDARAWETA,26,12233
KISUMU,KISUMU WEST,NORTH WEST KISUMU,26,13975
KISII,NYARIBARI MASABA,NYAMASIBI,26,11782
SAMBURU,SAMBURU NORTH,NYIRO,26,5779
NAKURU,NAIVASHA,OLKARIA,26,14768
NYERI,MATHIRA,RUGURU,26,14670
MOMBASA,LIKONI,SHIKA ADABU,26,15437
BUNGOMA,WEBUYE WEST,SITIKHO,26,12540
ELGEYO/MARAKWET,KEIYO NORTH,TAMBACH,26,9698
KIRINYAGA,MWEA,THIBA,26,15157
KWALE,MATUGA,TIWI,26,11016
MARSABIT,MOYALE,URAN,26,7932
HOMA BAY,RANGWE,WEST GEM,26,12456
LAMU,LAMU WEST,WITU,26,9697
SIAYA,GEM,YALA TOWNSHIP,26,13874
BUSIA,TESO SOUTH,ANG'OROM,27,13730
KISII,BOBASI,BOBASI CHACHE,27,12997
TAITA TAVETA,MWATATE,BURA,27,9937
MIGORI,AWENDO,CENTRAL SAKWA,27,14623
TRANS NZOIA,CHERANGANY,CHEPSIRO/KIPTOROR,27,11725
BUNGOMA,MT. ELGON,CHEPTAIS,27,13342
KAKAMEGA,MUMIAS WEST,ETENJE,27,13017
TANA RIVER,GARSEN,GARSEN WEST,27,10999
NYANDARUA,KIPIPIRI,GITHIORO,27,11692
TANA RIVER,BURA,HIRIMANI,27,10750
GARISSA,GARISSA TOWNSHIP,IFTIN,27,11479
NANDI,MOSOP,KABISAGA,27,11750
NANDI,MOSOP,KABIYET,27,12249
EMBU,RUNYENJES,KAGAARI SOUTH,27,13564
TRANS NZOIA,CHERANGANY,KAPLAMAI,27,13319
NYANDARUA,OL KALOU,KARAU,27,13594
BOMET,BOMET EAST,KEMBU,27,12901
MACHAKOS,MAVOKO,KINANIE,27,14831
TURKANA,TURKANA NORTH,LAPUR,27,7188
TURKANA,LOIMA,LOKIRIAMA/LORENGIPPI,27,4835
NYERI,MATHIRA,MAGUTU,27,13383
BUNGOMA,WEBUYE EAST,MARAKA,27,13757
KISII,BOBASI,MASIGE EAST,27,11667
KISII,BOBASI,MASIGE WEST,27,12614
MACHAKOS,MACHAKOS TOWN,MUTITUNI,27,14486
KAKAMEGA,MATUNGU,NAMAMALI,27,15175
MACHAKOS,MASINGA,NDITHINI,27,12053
UASIN GISHU,TURBO,NGENYILEL,27,13131
NYANDARUA,KINANGOP,NJABINI\KIBURU,27,12793
THARAKA - NITHI,THARAKA,NKONDI,27,9543
LAIKIPIA,LAIKIPIA WEST,RUMURUTI TOWNSHIP,27,13241
KAKAMEGA,LURAMBI,SHIRERE,27,15404
NAKURU,KURESOI NORTH,SIRIKWA,27,12828
BUNGOMA,TONGAREN,SOYSAMBU/ MITUA,27,13335
KILIFI,KILIFI NORTH,TEZO,27,14830
HOMA BAY,KASIPUL,WEST KAMAGAK,27,14342
TAITA TAVETA,WUNDANYI,WUNDANYI/MBALE,27,12988
BUSIA,BUDALANGI,BUNYALA WEST,28,14863
SIAYA,BONDO,CENTRAL SAKWA,28,13782
KERICHO,BURETI,CHEBOIN,28,13297
KWALE,LUNGALUNGA,DZOMBO,28,14688
SIAYA,GEM,EAST GEM,28,13952
KAJIADO,KAJIADO SOUTH,ENTONET/LENKISIM,28,12775
NYERI,KIENI,GAKAWA,28,13863
THARAKA - NITHI,MAARA,GANGA,28,12691
GARISSA,IJARA,IJARA,28,7383
BARINGO,BARINGO SOUTH,ILCHAMUS,28,8722
NAROK,EMURUA DIKIRR,ILKERIN,28,13509
KILIFI,KILIFI SOUTH,JUNJU,28,15747
MURANG'A,MARAGWA,KAMBITI,28,13186
WEST POKOT,KACHELIBA,KAPCHOK,28,7416
NANDI,TINDERET,KAPSIMOTWO,28,9535
NYERI,OTHAYA,KARIMA,28,12289
HOMA BAY,SUBA NORTH,KASGUNGA,28,12876
MAKUENI,KAITI,KEE,28,12212
MANDERA,MANDERA EAST,KHALALIO,28,11106
MERU,CENTRAL IMENTI,KIAGU,28,12318
HOMA BAY,KARACHUONYO,KIBIRI,28,12053
MURANG'A,KIGUMO,KIGUMO,28,15527
MAKUENI,KIBWEZI WEST,KIKUMBULYU SOUTH,28,14056
BOMET,KONOIN,KIMULOT,28,12321
KERICHO,BURETI,KISIARA,28,12486
EMBU,MANYATTA,KITHIMU,28,11824
NAIROBI CITY,RUARAKA,KOROGOCHO,28,17440
KITUI,KITUI WEST,KWA MUTONGA/KITHUMULA,28,11022
EMBU,RUNYENJES,KYENI NORTH,28,15314
BARINGO,ELDAMA RAVINE,LEMBUS/PERKERRA,28,10871
NAIROBI CITY,KIBRA,LINDI,28,19082
NYAMIRA,KITUTU MASABA,MAGOMBO,28,13683
NYAMIRA,NORTH MUGIRANGO,MAGWAGWA,28,12780
NAKURU,GILGIL,MALEWA WEST,28,15009
NAIROBI CITY,EMBAKASI CENTRAL,MATOPENI/SPRING VALLEY,28,19193
KAKAMEGA,LUGARI,MAUTUMA,28,13465
NAROK,NAROK SOUTH,MELELO,28,11373
BUNGOMA,WEBUYE WEST,MISIKHU,28,14118
MURANG'A,KIGUMO,MUTHITHI,28,14559
MAKUENI,MAKUENI,MUVAU/KIKUUMINI,28,13583
NAKURU,NAIVASHA,NAIVASHA EAST,28,15448
KIAMBU,GATUNDU SOUTH,NDARUGU,28,14486
KIRINYAGA,GICHUGU,NGARIAMA,28,13976
MERU,TIGANIA WEST,NKOMO,28,13030
MERU,NORTH IMENTI,NTIMA EAST,28,14904
KIAMBU,LARI,NYANDUMA,28,14572
KITUI,KITUI EAST,NZAMBANI,28,11723
NAROK,EMURUA DIKIRR,OLOLMASANI,28,12560
NAIROBI CITY,STAREHE,PANGANI,28,18494
KWALE,KINANGO,PUMA,28,9844
KIAMBU,KIAMBU,RIABAI,28,15896
NYERI,MUKURWEINI,RUGI,28,13959
GARISSA,BALAMBALA,SANKURI,28,9605
KAKAMEGA,MALAVA,SHIRUGU-MUGAI,28,12238
KITUI,MWINGI NORTH,THARAKA,28,7429
BARINGO,TIATY,TIRIOKO,28,5764
MANDERA,MANDERA EAST,TOWNSHIP,28,14790
ISIOLO,ISIOLO NORTH,WABERA,28,15034
SAMBURU,SAMBURU EAST,WAMBA NORTH,28,5254
KILIFI,KILIFI NORTH,WATAMU,28,15341
VIHIGA,LUANDA,WEMILABI,28,11618
SIAYA,GEM,WEST GEM,28,14228
MOMBASA,CHANGAMWE,AIRPORT,29,18557
KISII,BOBASI,BASI CENTRAL,29,13122
TRANS NZOIA,KWANZA,BIDII,29,17510
MOMBASA,LIKONI,BOFU,29,18188
KISII,SOUTH MUGIRANGO,BOGETENGA,29,14408
NYAMIRA,WEST MUGIRANGO,BONYAMATUTA,29,15455
KILIFI,KILIFI SOUTH,CHASIMBA,29,14090
ISIOLO,ISIOLO NORTH,CHERAB,29,8065
KAKAMEGA,LUGARI,CHEVAYWA,29,14821
KISUMU,SEME,EAST SEME,29,13920
MACHAKOS,MASINGA,EKALAKALA,29,11265
NYAMIRA,NORTH MUGIRANGO,EKERENYO,29,14273
MANDERA,MANDERA NORTH,GUTICHA,29,10038
KISII,NYARIBARI CHACHE,IBENO,29,12916
KAKAMEGA,IKOLOMANI,IDAKHO NORTH,29,13605
NAKURU,BAHATI,KABATINI,29,13154
HOMA BAY,NDHIWA,KABUOCH SOUTH/PALA,29,13741
TAITA TAVETA,VOI,KALOLENI,29,17547
MURANG'A,MARAGWA,KAMAHUHA,29,16236
KITUI,KITUI SOUTH,KANZIKO,29,8403
BARINGO,BARINGO CENTRAL,KAPROPITA,29,8940
ELGEYO/MARAKWET,MARAKWET WEST,KAPSOWAR,29,13187
NANDI,ALDAI,KAPTUMO-KABOI,29,14355
MACHAKOS,KATHIANI,KATHIANI CENTRAL,29,15070
KAKAMEGA,MATUNGU,KHOLERA,29,14513
NAIROBI CITY,MATHARE,KIAMAIKO,29,19193
TRANS NZOIA,KIMININI,KIMININI,29,17302
BOMET,BOMET EAST,KIPRERES,29,12101
WEST POKOT,KACHELIBA,KODICH,29,8354
BARINGO,TIATY,KOLOWA,29,6769
KISUMU,KISUMU EAST,KOLWA EAST,29,15294
NAIROBI CITY,KIBRA,LAINI SABA,29,19378
ELGEYO/MARAKWET,MARAKWET WEST,LELAN,29,10081
BARINGO,ELDAMA RAVINE,LEMBUS KWEN,29,10757
BOMET,BOMET EAST,LONGISA,29,14576
KAKAMEGA,LUGARI,LWANDETI,29,13644
VIHIGA,SABATIA,LYADUYWA/IZAVA,29,14899
MIGORI,NYATIKE,MACALDER/KANYARWANDA,29,13187
KILIFI,KILIFI NORTH,MATSANGONI,29,15168
BUNGOMA,WEBUYE WEST,MATULO,29,16304
MACHAKOS,MATUNGULU,MATUNGULU EAST,29,12826
MAKUENI,MAKUENI,MAVINDINI,29,11154
KAKAMEGA,MATUNGU,MAYONI,29,15352
BUNGOMA,TONGAREN,MBAKALO,29,13311
THARAKA - NITHI,MAARA,MITHERU,29,10862
MAKUENI,KILOME,MUKAA,29,14484
NAIROBI CITY,LANGATA,NAIROBI WEST,29,18386
NYANDARUA,KINANGOP,NYAKIO,29,15177
NYAMIRA,BORABU,NYANSIONGO,29,16050
MOMBASA,CHANGAMWE,PORT REITZ,29,17817
BOMET,SOTIK,RONGENA/MANARET,29,12034
NYANDARUA,NDARAGWA,SHAMATA,29,12914
SIAYA,UGUNJA,SIDINDI,29,14980
UASIN GISHU,KAPSERET,SIMAT/KAPSERET,29,15275
BOMET,BOMET CENTRAL,SINGORWET,29,12483
KAKAMEGA,MALAVA,SOUTH KABRAS,29,16523
HOMA BAY,KASIPUL,SOUTH KASIPUL,29,14318
BARINGO,TIATY,TANGULBEI/KOROSSI,29,6818
UASIN GISHU,TURBO,TAPSAGOI,29,16483
NANDI,ALDAI,TERIK,29,8867
HOMA BAY,KARACHUONYO,WEST KARACHUONYO,29,11870
SIAYA,BONDO,WEST YIMBO,29,15638
NAKURU,KURESOI SOUTH,AMALO,30,13110
KIRINYAGA,GICHUGU,BARAGWI,30,16311
NYAMIRA,NORTH MUGIRANGO,BOKEIRA,30,13595
BUNGOMA,BUMULA,BUMULA,30,13425
KAKAMEGA,NAVAKHOLO,BUNYALA CENTRAL,30,15811
KISUMU,NYAKACH,CENTRAL NYAKACH,30,14199
KISUMU,SEME,CENTRAL SEME,30,14995
NYANDARUA,OL JOROK,CHARAGITA,30,13932
NANDI,CHESUMEI,CHEMUNDU/KAPNG'ETUNY,30,14254
KWALE,KINANGO,CHENGONI/SAMBURU,30,15037
BUNGOMA,MT. ELGON,CHEPYUK,30,11075
NAIROBI CITY,EMBAKASI NORTH,DANDORA AREA I,30,20543
NAIROBI CITY,EMBAKASI NORTH,DANDORA AREA II,30,19761
BUNGOMA,MT. ELGON,ELGON,30,14512
VIHIGA,LUANDA,EMABUNGO,30,12590
MAKUENI,KIBWEZI WEST,EMALI/MULALA,30,16724
TRANS NZOIA,ENDEBESS,ENDEBESS,30,15467
KILIFI,MAGARINI,GARASHI,30,10466
KIAMBU,GITHUNGURI,IKINU,30,17450
KITUI,KITUI SOUTH,IKUTHA,30,12066
KISUMU,NYANDO,KABONYO/KANYAGWAL,30,13012
MURANG'A,MATHIOYA,KAMACHARIA,30,15469
NYERI,NYERI TOWN,KAMAKWA/MUKARO,30,16794
KERICHO,KIPKELION WEST,KAMASIAN,30,11827
TURKANA,TURKANA CENTRAL,KANG'ATOTHA,30,7625
MACHAKOS,KANGUNDO,KANGUNDO EAST,30,13340
HOMA BAY,NDHIWA,KANYAMWA KOLOGI,30,13399
BUNGOMA,MT. ELGON,KAPKATENY,30,12141
MERU,TIGANIA EAST,KARAMA,30,12810
KILIFI,KALOLENI,KAYAFUNGO,30,14897
KAJIADO,KAJIADO EAST,KENYAWA-POKA,30,12782
KILIFI,KILIFI NORTH,KIBARANI,30,15655
MERU,BUURI,KIBIRICHIA,30,14840
KIAMBU,LARI,KINALE,30,16503
KIAMBU,KIKUYU,KINOO,30,19303
NYANDARUA,KIPIPIRI,KIPIPIRI,30,14364
KAKAMEGA,LIKUYANI,LIKUYANI,30,16545
KIAMBU,LIMURU,LIMURU EAST,30,17375
MACHAKOS,KATHIANI,LOWER KAEWA/KAANI,30,14084
KAKAMEGA,LUGARI,LUGARI,30,15331
MURANG'A,MARAGWA,MAKUYU,30,16588
KAKAMEGA,MUMIAS EAST,MALAHA/ISONGO/MAKUNGA,30,14885
KISII,KITUTU CHACHE NORTH,MARANI,30,15466
UASIN GISHU,MOIBEN,MOIBEN,30,14350
MURANG'A,GATANGA,MUGUMO-INI,30,14252
KIAMBU,JUJA,MURERA,30,18075
NAKURU,GILGIL,MURINDATI,30,14367
KAKAMEGA,MUMIAS WEST,MUSANDA,30,14636
MERU,IGEMBE NORTH,NAATHU,30,13879
BUNGOMA,SIRISIA,NAMWELA,30,13686
KIAMBU,LIMURU,NDEIYA,30,17035
MURANG'A,MARAGWA,NGINDA,30,16416
KISUMU,KISUMU CENTRAL,NYALENDA B,30,16619
NYAMIRA,WEST MUGIRANGO,NYAMAIYA,30,16431
KIRINYAGA,MWEA,NYANGATI,30,17095
KISUMU,MUHORONI,OMBEYI,30,13969
UASIN GISHU,SOY,SEGERO/BARSOMBE,30,13972
VIHIGA,HAMISI,SHAMAKHOKHO,30,14503
NAROK,KILGORIS,SHANKOE,30,12740
KERICHO,SIGOWET/SOIN,SOIN,30,10979
WAJIR,TARBAJ,TARBAJ,30,9869
KERICHO,BURETI,TEBESONIK,30,11471
BUNGOMA,TONGAREN,TONGAREN,30,15124
BUNGOMA,KANDUYI,TOWNSHIP,30,17919
NAKURU,MOLO,TURI,30,15172
SIAYA,UGENYA,UKWALA,30,14870
MACHAKOS,KATHIANI,UPPER KAEWA/IVETI,30,14314
KWALE,LUNGALUNGA,VANGA,30,15744
NAIROBI CITY,DAGORETTI SOUTH,WAITHAKA,30,19131
SAMBURU,SAMBURU EAST,WAMBA WEST,30,6816
KISUMU,KISUMU WEST,WEST KISUMU,30,13932
BUSIA,FUNYULA,AGENG'A NANGUBA,31,14284
BUNGOMA,KABUCHAI,BWAKE/LUUYA,31,15366
EMBU,RUNYENJES,CENTRAL WARD,31,17035
MOMBASA,CHANGAMWE,CHANGAMWE,31,18182
KIAMBU,GATUNDU NORTH,CHANIA,31,18324
KERICHO,BURETI,CHEMOSOT,31,16344
KAKAMEGA,MALAVA,CHEMUCHE,31,14139
KERICHO,BURETI,CHEPLANGET,31,13560
NYANDARUA,KINANGOP,ENGINEER,31,16199
MURANG'A,KANDARA,GAICHANJIRU,31,16280
WAJIR,WAJIR WEST,GANYURE/WAGALLA,31,8382
KIAMBU,KABETE,GITARU,31,18481
KIAMBU,GATUNDU NORTH,GITHOBOKONI,31,15208
WAJIR,WAJIR SOUTH,HABASSWEIN,31,11026
KAKAMEGA,SHINYALU,ISUKHA CENTRAL,31,16111
KILIFI,GANZE,JARIBUNI,31,12782
UASIN GISHU,TURBO,KAMAGUT,31,16462
MERU,IGEMBE SOUTH,KANUNI,31,14585
MURANG'A,KANGEMA,KANYENYA-INI,31,15567
WAJIR,WAJIR EAST,KHOROF/HARAR,31,8074
KIAMBU,KIAMBAA,KIHARA,31,19814
KERICHO,AINAMOI,KIPCHEBOR,31,16520
NAKURU,KURESOI SOUTH,KIPTAGICH,31,15226
NANDI,CHESUMEI,KOSIRAI,31,15667
NAIROBI CITY,STAREHE,LANDIMAWE,31,20436
NYANDARUA,NDARAGWA,LESHAU/PONDO,31,13842
KAKAMEGA,MUMIAS EAST,LUSHEYA/LUBINU,31,16731
NAIROBI CITY,MATHARE,MABATINI,31,20976
NAROK,NAROK WEST,MARA,31,16597
GARISSA,IJARA,MASALANI,31,11098
BUSIA,MATAYOS,MATAYOS SOUTH,31,15980
KITUI,KITUI RURAL,MBITINI,31,12048
BOMET,BOMET EAST,MERIGI,31,14673
HOMA BAY,SUBA NORTH,MFANGANO ISLAND,31,10569
KISUMU,KISUMU CENTRAL,MIGOSI,31,18193
MOMBASA,JOMVU,MIRITINI,31,18048
NAROK,NAROK EAST,MOSIRO,31,14164
TRANS NZOIA,CHERANGANY,MOTOSIET,31,15528
MACHAKOS,MACHAKOS TOWN,MUA,31,15242
KIAMBU,KIAMBAA,MUCHATHA,31,19412
MURANG'A,KANDARA,MURUKA,31,16240
THARAKA - NITHI,MAARA,MUTHAMBI,31,12753
KITUI,KITUI EAST,MUTITO/KALIKU,31,9980
MERU,CENTRAL IMENTI,MWANGANTHIA,31,15057
KIAMBU,LIMURU,NGECHA TIGONI,31,17978
KIRINYAGA,GICHUGU,NJUKIINI,31,16338
KISUMU,SEME,NORTH SEME,31,15234
SIAYA,UGENYA,NORTH UGENYA,31,16987
NAROK,NAROK SOUTH,OLOLULUNG'A,31,15922
KAJIADO,KAJIADO NORTH,OLOOLUA,31,19810
MARSABIT,SAKU,SAGANTE/JALDESA,31,9027
KISUMU,KISUMU CENTRAL,SHAURIMOYO KALOLENI,31,17675
BUNGOMA,BUMULA,SIBOTI,31,12633
MIGORI,RONGO,SOUTH KAMAGAMBO,31,13537
NAIROBI CITY,DAGORETTI SOUTH,UTHIRU/RUTHIMITU,31,19657
TANA RIVER,GALOLE,WAYU,31,9744
MIGORI,SUNA WEST,WIGA,31,13692
MOMBASA,KISAUNI,BAMBURI,32,20470
KAKAMEGA,MALAVA,BUTALI/CHEGULO,32,15146
KITUI,MWINGI CENTRAL,CENTRAL,32,14525
KITUI,KITUI EAST,CHULUNI,32,12622
NAIROBI CITY,EMBAKASI NORTH,DANDORA AREA III,32,21247
NYERI,TETU,DEDAN KIMANTHI,32,14401
LAMU,LAMU EAST,FAZA,32,16515
GARISSA,GARISSA TOWNSHIP,GALBET,32,16698
LAIKIPIA,LAIKIPIA WEST,GITHIGA,32,16143
KIRINYAGA,KIRINYAGA CENTRAL,INOI,32,17272
KAKAMEGA,SHINYALU,ISUKHA SOUTH,32,16003
BARINGO,BARINGO NORTH,KABARTONJO,32,11270
HOMA BAY,SUBA SOUTH,KAKSINGRI WEST,32,13960
NYANDARUA,OL KALOU,KANJUIRI RANGE,32,15596
UASIN GISHU,MOIBEN,KARUNA/MEIBEKI,32,12979
BOMET,CHEPALUNGU,KONG'ASIS,32,14005
NANDI,ALDAI,KOYO-NDURIO,32,12301
KWALE,MATUGA,KUBO SOUTH,32,12087
NAKURU,NJORO,LARE,32,15498
NANDI,CHESUMEI,LELMOKWO/NGECHEK,32,14831
KAJIADO,KAJIADO WEST,MAGADI,32,11204
KISII,NYARIBARI MASABA,MASIMBA,32,14188
KITUI,KITUI WEST,MATINYANI,32,14279
BUNGOMA,TONGAREN,MILIMA,32,15700
MERU,SOUTH IMENTI,MITUNGUU,32,14078
KILIFI,KILIFI NORTH,MNARANI,32,18076
KISII,KITUTU CHACHE NORTH,MONYERERO,32,15350
MOMBASA,KISAUNI,MTOPANGA,32,19474
KIAMBU,KABETE,MUGUGA,32,19681
NYANDARUA,KINANGOP,MURUNGARU,32,15669
TRANS NZOIA,KIMININI,NABISWA,32,18730
BUSIA,NAMBALE,NAMBALE TOWNSHIP,32,17638
KITUI,MWINGI NORTH,NGOMENI,32,9131
HOMA BAY,KARACHUONYO,NORTH KARACHUONYO,32,13731
NAROK,NAROK NORTH,OLORROPIL,32,13829
NAKURU,NAKURU TOWN WEST,SHAABAB,32,20561
KIAMBU,KIKUYU,SIGONA,32,19571
NAKURU,RONGAI,SOLAI,32,10488
WEST POKOT,KAPENGURIA,SOOK,32,6074
SIAYA,BONDO,SOUTH SAKWA,32,14827
KISUMU,KISUMU WEST,SOUTH WEST KISUMU,32,15592
TRANS NZOIA,SABOTI,TUWANI,32,20232
KISUMU,NYAKACH,WEST NYAKACH,32,14900
MERU,IGEMBE SOUTH,AKACHIU,33,14371
KISII,BONCHARI,BOMORENDA,33,17363
VIHIGA,EMUHAYA,CENTRAL BUNYORE,33,16731
HOMA BAY,KASIPUL,CENTRAL KASIPUL,33,15476
KISUMU,MUHORONI,CHEMELIL,33,16933
BUNGOMA,KANDUYI,EAST SANG'ALO,33,15555
NAKURU,GILGIL,ELEMENTAITA,33,15370
KISII,NYARIBARI MASABA,ICHUNI,33,15662
MURANG'A,KANDARA,KAGUNDU-INI,33,19129
MURANG'A,GATANGA,KAKUZI/MITUBIRI,33,15291
NAKURU,KURESOI NORTH,KAMARA,33,17026
BUNGOMA,KIMILILI,KAMUKUYWA,33,15409
MACHAKOS,KANGUNDO,KANGUNDO NORTH,33,14938
MACHAKOS,KANGUNDO,KANGUNDO WEST,33,16016
ELGEYO/MARAKWET,KEIYO NORTH,KAPCHEMUTWA,33,15672
KERICHO,AINAMOI,KAPKUGERWET,33,17635
KISUMU,KISUMU WEST,KISUMU NORTH,33,17599
MAKUENI,MAKUENI,KITISE/KITHUKI,33,11691
NANDI,ALDAI,KOBUJOI,33,14495
HOMA BAY,KABONDO KASIPUL,KOKWANYO/KAKELO,33,15402
TURKANA,LOIMA,KOTARUK/LOBEI,33,8174
UASIN GISHU,SOY,KUINET/KAPSUSWA,33,18005
BARINGO,ELDAMA RAVINE,LEMBUS,33,12471
KERICHO,KIPKELION EAST,LONDIANI,33,14597
KAKAMEGA,LUGARI,LUMAKANDA,33,17655
KWALE,KINANGO,MACKINNON ROAD,33,14214
MARSABIT,NORTH HORR,MAIKONA,33,9865
EMBU,MBEERE SOUTH,MAKIMA,33,11753
KAKAMEGA,MALAVA,MANDA-SHIVANGA,33,14677
KAKAMEGA,BUTERE,MARAMA WEST,33,16581
MURANG'A,KIHARU,MURARANDIA,33,17998
BUNGOMA,KANDUYI,MUSIKOMA,33,15826
MACHAKOS,MWALA,MUTHETHENI,33,12571
KIRINYAGA,KIRINYAGA CENTRAL,MUTIRA,33,18169
MACHAKOS,MACHAKOS TOWN,MUVUTI/KIIMA-KIMWE,33,17404
KIAMBU,GITHUNGURI,NGEWA,33,18876
NAIROBI CITY,LANGATA,NYAYO HIGHRISE,33,21800
KAKAMEGA,LIKUYANI,NZOIA,33,16973
BARINGO,TIATY,RIBKWO,33,5583
NYANDARUA,OL KALOU,RURII,33,15572
HOMA BAY,SUBA NORTH,RUSINGA ISLAND,33,14320
BARINGO,BARINGO NORTH,SAIMO/KIPSARAMAN,33,11657
ELGEYO/MARAKWET,KEIYO SOUTH,SOY SOUTH,33,10367
KISII,SOUTH MUGIRANGO,TABAKA,33,16395
KITUI,MWINGI CENTRAL,WAITA,33,10472
MURANG'A,KIHARU,WANGU,33,17355
BUNGOMA,KABUCHAI,WEST NALONDO,33,16198
MERU,IGEMBE CENTRAL,AKIRANG'ONDU,34,15637
MERU,IGEMBE NORTH,ANTUBETWE KIONGO,34,15108
WAJIR,WAJIR SOUTH,BENANE,34,11797
KISII,BONCHARI,BOGIAKUMU,34,17744
BUNGOMA,WEBUYE WEST,BOKOLI,34,15670
BUSIA,MATAYOS,BURUMBA,34,19496
KAKAMEGA,LURAMBI,BUTSOTSO CENTRAL,34,13902
MIGORI,RONGO,CENTRAL KAMAGAMBO,34,19077
ELGEYO/MARAKWET,KEIYO SOUTH,CHEPKORIO,34,14294
TRANS NZOIA,CHERANGANY,CHERANGANY/SUWERWA,34,16734
NYERI,OTHAYA,CHINGA,34,15143
KAKAMEGA,MUMIAS EAST,EAST WANGA,34,18952
NYAMIRA,BORABU,ESISE,34,14660
NAKURU,NAKURU TOWN EAST,FLAMINGO,34,21919
NYAMIRA,KITUTU MASABA,GACHUBA,34,16245
KILIFI,MALINDI,GANDA,34,18566
MURANG'A,GATANGA,GATANGA,34,16842
NYANDARUA,KINANGOP,GATHARA,34,18144
EMBU,RUNYENJES,GATURI NORTH,34,14872
KISII,NYARIBARI MASABA,GESUSU,34,14569
NAIROBI CITY,MATHARE,HURUMA,34,23018
KAKAMEGA,IKOLOMANI,IDAKHO CENTRAL,34,17095
KAKAMEGA,IKOLOMANI,IDAKHO EAST,34,15195
MAKUENI,KAITI,ILIMA,34,13774
KIAMBU,KABETE,KABETE,34,20571
MACHAKOS,KANGUNDO,KANGUNDO CENTRAL,34,16502
TURKANA,TURKANA EAST,KAPEDO/NAPEITOM,34,3721
KERICHO,AINAMOI,KAPSAOS,34,16310
TRANS NZOIA,KWANZA,KEIYO,34,14969
NYERI,NYERI TOWN,KIGANJO/MATHARI,34,15985
MURANG'A,GATANGA,KIHUMBU-INI,34,17142
MERU,BUURI,KIIRUA/NAARI,34,15690
TRANS NZOIA,SABOTI,KINYORO,34,17994
MAKUENI,MBOONI,KITHUNGO/KITUNDU,34,13472
KERICHO,BURETI,LITEIN,34,15858
NAIROBI CITY,RUARAKA,LUCKY SUMMER,34,20690
VIHIGA,VIHIGA,LUGAGA-WAMULUMA,34,17381
KISII,BOMACHOGE BORABU,MAGENCHE,34,17072
NAKURU,NAIVASHA,MAIELLA,34,15666
KIAMBU,GATUNDU NORTH,MANG'U,34,19032
TRANS NZOIA,ENDEBESS,MATUMBEI,34,16153
MERU,IGEMBE SOUTH,MAUA,34,17213
MACHAKOS,KATHIANI,MITABONI,34,16756
MOMBASA,KISAUNI,MJAMBERE,34,22692
NAIROBI CITY,MATHARE,MLANGO KUBWA,34,22765
NAIROBI CITY,EMBAKASI WEST,MOWLEM,34,23423
KAKAMEGA,MUMIAS WEST,MUMIAS CENTRAL,34,16551
BUSIA,FUNYULA,NAMBOBOTO NAMBUKU,34,15900
KWALE,KINANGO,NDAVAYA,34,12743
VIHIGA,EMUHAYA,NORTH EAST BUNYORE,34,16648
KISII,BOBASI,NYACHEKI,34,16988
KISII,KITUTU CHACHE NORTH,SENSI,34,15165
MOMBASA,MVITA,SHIMANZI/GANJONI,34,18556
MIGORI,SUNA EAST,SUNA CENTRAL,34,18244
UASIN GISHU,MOIBEN,TEMBELIO,34,15237
NANDI,TINDERET,TINDIRET,34,14259
TRANS NZOIA,KIMININI,WAITALUK,34,18759
MIGORI,URIRI,WEST KANYAMKAGO,34,14886
HOMA BAY,KASIPUL,WEST KASIPUL,34,14303
BUNGOMA,KANDUYI,WEST SANG'ALO,34,14809
SIAYA,RARIEDA,WEST UYOMA,34,17211
SIAYA,BONDO,YIMBO EAST,34,17008
MERU,IGEMBE SOUTH,ATHIRU GAITI,35,14443
KAKAMEGA,NAVAKHOLO,BUNYALA WEST,35,15946
UASIN GISHU,KESSES,CHEPTIRET/KIPCHAMO,35,16723
BOMET,BOMET CENTRAL,CHESOEN,35,17516
MIGORI,RONGO,EAST KAMAGAMBO,35,16141
KIAMBU,GATUNDU NORTH,GITUAMBA,35,19246
MARSABIT,MOYALE,GOLBO,35,15692
NYERI,MATHIRA,IRIAINI,35,18020
MURANG'A,KANDARA,ITHIRU,35,18335
KIAMBU,JUJA,KALIMONI,35,22567
ELGEYO/MARAKWET,KEIYO NORTH,KAMARINY,35,17416
MERU,IGEMBE CENTRAL,KANGETA,35,16103
KERICHO,AINAMOI,KAPSOIT,35,16117
MACHAKOS,MWALA,KIBAUNI,35,9976
BUNGOMA,KIMILILI,KIBINGEI,35,15751
BUNGOMA,BUMULA,KIMAETI,35,15546
KERICHO,KIPKELION WEST,KIPKELION,35,15140
KITUI,KITUI RURAL,KISASI,35,13840
KITUI,MWINGI CENTRAL,KIVOU,35,12301
EMBU,RUNYENJES,KYENI SOUTH,35,17255
KIAMBU,LARI,LARI/KIRENGA,35,18979
NAKURU,NAKURU TOWN WEST,LONDON,35,22421
KILIFI,MAGARINI,MAGARINI,35,17099
NYAMIRA,KITUTU MASABA,MANGA,35,19212
MAKUENI,MAKUENI,MBITINI,35,13770
NAROK,NAROK NORTH,MELILI,35,15475
KITUI,KITUI CENTRAL,MIAMBANI,35,11759
NYERI,KIENI,MUGUNDA,35,16080
NYERI,KIENI,NAROMORU KIAMATHAGA,35,17731
MAKUENI,KIBWEZI WEST,NGUUMO,35,14185
UASIN GISHU,KESSES,RACECOURSE,35,20872
KISII,BONCHARI,RIANA,35,18356
SIAYA,UGUNJA,SIGOMERE,35,18052
BOMET,CHEPALUNGU,SIGOR,35,15849
BOMET,CHEPALUNGU,SIONGIROI,35,15018
WEST POKOT,KACHELIBA,SUAM,35,8262
NYERI,KIENI,THEGU RIVER,35,16778
KITUI,KITUI EAST,VOO/KYAMATU,35,10003
KERICHO,BELGUT,WALDAI,35,20119
NYANDARUA,KIPIPIRI,WANJOHI,35,17474
KISUMU,NYANDO,AHERO,36,18131
MERU,IGEMBE NORTH,ANTUAMBUI,36,17113
KISII,BOMACHOGE CHACHE,BOOCHI/TENDERE,36,17987
KISII,BOMACHOGE CHACHE,BOSOTI/SENGERA,36,18298
BUSIA,MATAYOS,BUKHAYO WEST,36,17548
TANA RIVER,GALOLE,CHEWANI,36,14333
SIAYA,UGENYA,EAST UGENYA,36,18197
KILIFI,GANZE,GANZE,36,16586
KIAMBU,GITHUNGURI,GITHIGA,36,20616
HOMA BAY,SUBA SOUTH,GWASSI NORTH,36,15405
EMBU,RUNYENJES,KAGAARI NORTH,36,17286
KITUI,KITUI RURAL,KANYANGI,36,11092
KIRINYAGA,NDIA,KARITI,36,19813
KIRINYAGA,GICHUGU,KARUMANDI,36,18311
KWALE,KINANGO,KASEMENI,36,14445
MAKUENI,MAKUENI,KATHONZWENI,36,14661
TURKANA,TURKANA SOUTH,KATILU,36,13254
KIAMBU,LARI,KIJABE,36,19124
MAKUENI,KAITI,KILUNGU,36,16858
BUNGOMA,KIMILILI,KIMILILI,36,18975
KISUMU,KISUMU CENTRAL,KONDELE,36,23019
NAKURU,NAIVASHA,LAKE VIEW,36,21194
TURKANA,TURKANA NORTH,LAKE ZONE,36,10896
HOMA BAY,SUBA NORTH,LAMBWE,36,12968
NYERI,OTHAYA,MAHIGA,36,15138
MACHAKOS,MWALA,MAKUTANO/ MWALA,36,17815
BUNGOMA,KANDUYI,MARAKARU/TUUTI,36,16191
MARSABIT,SAKU,MARSABIT CENTRAL,36,16459
NAKURU,NJORO,MAUCHE,36,17605
EMBU,MANYATTA,MBETI NORTH,36,17844
TAITA TAVETA,VOI,MBOLOLO,36,15880
LAIKIPIA,LAIKIPIA NORTH,MUGOGODO EAST,36,11579
BUNGOMA,TONGAREN,NAITIRI/KABUYEFWE,36,16232
NANDI,NANDI HILLS,NANDI HILLS,36,18328
KIAMBU,KIAMBU,NDUMBERI,36,22095
KAJIADO,KAJIADO NORTH,NGONG,36,22738
MANDERA,MANDERA NORTH,RHAMU,36,15408
MIGORI,URIRI,SOUTH KANYAMKAGO,36,16057
MACHAKOS,MATUNGULU,TALA,36,18614
NAKURU,KURESOI SOUTH,TINET,36,17096
NAIROBI CITY,MAKADARA,VIWANDANI,36,24650
MAKUENI,MBOONI,WAIA-KAKO,36,13127
MAKUENI,MAKUENI,WOTE,36,19472
MOMBASA,NYALI,ZIWA LA NG'OMBE,36,23296
NYERI,TETU,AGUTHI-GAAKI,37,18310
MERU,TIGANIA WEST,AKITHII,37,16709
KISII,BOBASI,BASI BOGETAORIO,37,16319
SIAYA,ALEGO USONGA,CENTRAL ALEGO,37,18893
MOMBASA,CHANGAMWE,CHAANI,37,22873
BUSIA,TESO SOUTH,CHAKOL SOUTH,37,15351
KAJIADO,KAJIADO CENTRAL,DALALEKUTUK,37,17734
NAKURU,BAHATI,DUNDORI,37,15238
BUNGOMA,KABUCHAI,KABUCHAI/CHWELE,37,18288
HOMA BAY,RANGWE,KAGAN,37,16000
BUNGOMA,MT. ELGON,KAPTAMA,37,13714
KAJIADO,KAJIADO EAST,KAPUTIEI NORTH,37,21660
WEST POKOT,KACHELIBA,KASEI,37,7384
NAIROBI CITY,EMBAKASI CENTRAL,KAYOLE NORTH,37,25563
MURANG'A,KIGUMO,KINYONA,37,18701
NYERI,MATHIRA,KIRIMUKUYU,37,18171
WEST POKOT,KACHELIBA,KIWAWA,37,8658
HOMA BAY,RANGWE,KOCHIA,37,16982
KAKAMEGA,MATUNGU,KOYONZO,37,19476
KITUI,KITUI CENTRAL,KYANGWITHYA EAST,37,15401
KILIFI,KALOLENI,MARIAKANI,37,21332
MACHAKOS,YATTA,MATUU,37,16826
MAKUENI,MBOONI,MBOONI,37,16441
NAIROBI CITY,EMBAKASI EAST,MIHANGO,37,23569
BUNGOMA,WEBUYE EAST,MIHUU,37,17438
MOMBASA,NYALI,MKOMANI,37,24154
THARAKA - NITHI,CHUKA/IGAMBANG'OMBE,MUGWE,37,15913
KITUI,MWINGI CENTRAL,MUI,37,11039
KIRINYAGA,MWEA,MURINDUKO,37,18935
KWALE,KINANGO,MWAVUMBO,37,16243
NAIROBI CITY,DAGORETTI SOUTH,NGANDO,37,24892
NAIROBI CITY,MATHARE,NGEI,37,24699
MAKUENI,KIBWEZI WEST,NGUU/MASUMBA,37,13747
MIGORI,NYATIKE,NORTH KADEM,37,15113
MERU,NORTH IMENTI,NTIMA WEST,37,19161
KIAMBU,KABETE,NYADHUNA,37,21701
MERU,NORTH IMENTI,NYAKI EAST,37,17329
MIGORI,SUNA WEST,RAGANA-ORUBA,37,20216
KILIFI,KILIFI NORTH,SOKONI,37,23955
KISUMU,NYAKACH,SOUTH EAST NYAKACH,37,17394
LAIKIPIA,LAIKIPIA EAST,THINGITHU,37,18893
MOMBASA,MVITA,TUDOR,37,22926
MACHAKOS,MWALA,WAMUNYU,37,14342
SIAYA,ALEGO USONGA,WEST ALEGO,37,19154
VIHIGA,EMUHAYA,WEST BUNYORE,37,16806
UASIN GISHU,SOY,ZIWA,37,17523
KISII,BOMACHOGE BORABU,BOKIMONGE,38,18795
KISII,SOUTH MUGIRANGO,BORABU / CHITAGO,38,17760
BOMET,CHEPALUNGU,CHEBUNYO,38,15982
NYAMIRA,KITUTU MASABA,GESIMA,38,19057
KWALE,MSAMBWENI,GOMBATO BONGWE,38,20551
HOMA BAY,HOMA BAY TOWN,HOMA BAY EAST,38,15650
MERU,SOUTH IMENTI,IGOJI EAST,38,18203
HOMA BAY,KABONDO KASIPUL,KABONDO EAST,38,17062
MOMBASA,NYALI,KADZANDANI,38,23108
KERICHO,SIGOWET/SOIN,KAPLELARTET,38,16262
NAIROBI CITY,EMBAKASI NORTH,KARIOBANGI NORTH,38,24500
KIAMBU,KIAMBAA,KARURI,38,23677
NYAMIRA,KITUTU MASABA,KEMERA,38,18264
KIAMBU,GATUNDU SOUTH,KIGANJO,38,19067
KIAMBU,RUIRU,KIUU,38,25920
KISUMU,KISUMU EAST,KOLWA CENTRAL,38,22306
HOMA BAY,NDHIWA,KWABWAI,38,16085
TURKANA,TURKANA CENTRAL,LODWAR TOWNSHIP,38,17273
NAROK,KILGORIS,LOLGORIAN,38,14434
MURANG'A,KIHARU,MBIRI,38,20473
MACHAKOS,MWALA,MBIUNI,38,16671
NAKURU,RONGAI,MENENGAI WEST,38,19389
KILIFI,KILIFI SOUTH,MTEPENI,38,23093
MURANG'A,KIHARU,MUGOIRI,38,19001
NYERI,MUKURWEINI,MUKURWE-INI CENTRAL,38,19130
KIRINYAGA,MWEA,MUTITHI,38,19226
EMBU,MBEERE SOUTH,MWEA,38,17232
KITUI,MWINGI WEST,NGUUTANI,38,15121
SIAYA,ALEGO USONGA,NORTH ALEGO,38,19005
KAJIADO,KAJIADO SOUTH,ROMBO,38,17467
WEST POKOT,SIGOR,SEKERR,38,9432
BOMET,BOMET CENTRAL,SILIBWET TOWNSHIP,38,17882
MIGORI,AWENDO,SOUTH SAKWA,38,17750
MAKUENI,KIBWEZI EAST,THANGE,38,17020
KWALE,MSAMBWENI,UKUNDA,38,24331
NAIROBI CITY,EMBAKASI EAST,UTAWALA,38,25707
NYANDARUA,OL JOROK,WERU,38,18548
SIAYA,UGENYA,WEST UGENYA,38,18973
KISUMU,NYANDO,AWASI/ONJIKO,39,18448
WEST POKOT,POKOT SOUTH,BATEI,39,13075
KISII,NYARIBARI CHACHE,BOBARACHO,39,19235
BOMET,KONOIN,BOITO,39,17019
KISUMU,KISUMU WEST,CENTRAL KISUMU,39,21829
KAJIADO,KAJIADO WEST,EWUASO OONKIDONG'I,39,16972
MURANG'A,KIHARU,GATURI,39,20100
MURANG'A,MATHIOYA,GITUGI,39,20421
HOMA BAY,NDHIWA,KANYAMWA KOSEWE,39,19486
KIRINYAGA,KIRINYAGA CENTRAL,KANYEKINI,39,21863
UASIN GISHU,AINABKOI,KAPSOYA,39,23578
NANDI,CHESUMEI,KAPTEL/KAMOIYWO,39,18935
THARAKA - NITHI,CHUKA/IGAMBANG'OMBE,KARINGANI,39,19043
MACHAKOS,YATTA,KATANGI,39,11698
KITUI,KITUI WEST,KAUWI,39,15767
KWALE,KINANGO,KINANGO,39,15597
KITUI,MWINGI WEST,KIOMO/KYETHANI,39,12360
MACHAKOS,YATTA,KITHIMANI,39,19497
KIAMBU,GITHUNGURI,KOMOTHAI,39,20054
NAKURU,BAHATI,LANET/UMOJA,39,19251
UASIN GISHU,KAPSERET,LANGAS,39,24763
TURKANA,TURKANA EAST,LOKORI/KOCHODIN,39,9922
KAKAMEGA,BUTERE,MARAMA CENTRAL,39,20328
KAJIADO,KAJIADO CENTRAL,MATAPATO SOUTH,39,16930
KISUMU,MUHORONI,MUHORONI/KORU,39,19388
BUNGOMA,KABUCHAI,MUKUYUNI,39,17369
BUNGOMA,WEBUYE EAST,NDIVISI,39,17755
LAIKIPIA,LAIKIPIA EAST,NGOBIT,39,17999
SIAYA,GEM,NORTH GEM,39,19321
NAKURU,RONGAI,SOIN,39,14523
WEST POKOT,POKOT SOUTH,TAPACH,39,11742
KIRINYAGA,MWEA,TEBERE,39,24491
MERU,SOUTH IMENTI,ABOGETA WEST,40,19074
BARINGO,BARINGO NORTH,BARTABWA,40,6383
NYANDARUA,NDARAGWA,CENTRAL,40,18113
BOMET,SOTIK,CHEMAGEL,40,18870
NAIROBI CITY,EMBAKASI NORTH,DANDORA AREA IV,40,27293
MOMBASA,NYALI,FRERE TOWN,40,24849
MAKUENI,KIBWEZI EAST,IVINGONI/NZAMBANI,40,15827
MOMBASA,JOMVU,JOMVU KUU,40,24243
KERICHO,BELGUT,KABIANGA,40,21052
NANDI,EMGWEN,KAPSABET,40,19374
NAIROBI CITY,EMBAKASI CENTRAL,KAYOLE CENTRAL,40,26855
NANDI,ALDAI,KEMELOI-MARABA,40,16371
MERU,IGEMBE SOUTH,KIEGOI/ANTUBOCHIU,40,16514
NAIROBI CITY,DAGORETTI NORTH,KILELESHWA,40,26343
KISUMU,NYANDO,KOBURA,40,21020
KAJIADO,KAJIADO SOUTH,KUKU,40,18515
MAKUENI,KIBWEZI EAST,MASONGALENI,40,14271
MOMBASA,MVITA,MJI WA KALE/MAKADARA,40,22341
KITUI,KITUI SOUTH,MUTHA,40,11039
KITUI,KITUI SOUTH,MUTOMO,40,12637
THARAKA - NITHI,MAARA,MWIMBI,40,15145
MIGORI,URIRI,NORTH KANYAMKAGO,40,16336
SIAYA,BONDO,NORTH SAKWA,40,21457
KAJIADO,KAJIADO NORTH,ONGATA RONGAI,40,27576
NAROK,NAROK WEST,SIANA,40,17882
KERICHO,SIGOWET/SOIN,SIGOWET,40,18986
LAIKIPIA,LAIKIPIA EAST,TIGITHI,40,18269
MOMBASA,MVITA,TONONOKA,40,23379
MURANG'A,KIHARU,TOWNSHIP,40,24462
KISUMU,SEME,WEST SEME,40,17896
MERU,SOUTH IMENTI,ABOGETA EAST,41,21169
NAKURU,BAHATI,BAHATI,41,20414
KILIFI,GANZE,BAMBA,41,18599
NYAMIRA,WEST MUGIRANGO,BOGICHORA,41,21267
TRANS NZOIA,ENDEBESS,CHEPCHOINA,41,19068
KERICHO,KIPKELION EAST,CHEPSEON,41,18219
KERICHO,KIPKELION WEST,CHILCHILA,41,17117
NAIROBI CITY,KAMUKUNJI,EASTLEIGH NORTH,41,27523
NAIROBI CITY,KAMUKUNJI,EASTLEIGH SOUTH,41,28019
KILIFI,MAGARINI,GONGONI,41,17685
NAROK,NAROK WEST,ILMOTIOK,41,19176
NYERI,OTHAYA,IRIA-INI,41,19309
MOMBASA,KISAUNI,JUNDA,41,25602
HOMA BAY,KABONDO KASIPUL,KABONDO WEST,41,16927
MIGORI,SUNA EAST,KAKRAO,41,16948
MACHAKOS,MACHAKOS TOWN,KALAMA,41,17173
MURANG'A,KIGUMO,KANGARI,41,22170
NYAMIRA,BORABU,KIABONYORU,41,22625
NAKURU,KURESOI NORTH,KIPTORORO,41,17603
MERU,BUURI,KISIMA,41,18075
KITUI,KITUI CENTRAL,KYANGWITHYA WEST,41,15931
MACHAKOS,MWALA,MASII,41,18523
KISUMU,MUHORONI,MASOGO/NYANG'OMA,41,18629
NAKURU,NJORO,MAU NAROK,41,22346
NAKURU,NAKURU TOWN EAST,MENENGAI,41,23804
MERU,TIGANIA EAST,MIKINDURI,41,18246
BOMET,KONOIN,MOGOGOSIEK,41,18069
BOMET,SOTIK,NDANAI/ABOSI,41,17049
EMBU,MBEERE NORTH,NTHAWA,41,18882
MERU,NORTH IMENTI,NYAKI WEST,41,21192
NYAMIRA,KITUTU MASABA,RIGOMA,41,19808
MOMBASA,KISAUNI,SHANZU,41,25510
SIAYA,GEM,SOUTH GEM,41,18560
UASIN GISHU,KESSES,TARAKWA,41,20213
UASIN GISHU,KESSES,TULWET/CHUIYAT,41,20134
KIAMBU,JUJA,WITEITHIE,41,25933
UASIN GISHU,AINABKOI,AINABKOI/OLARE,42,19105
NYAMIRA,WEST MUGIRANGO,BOSAMARO,42,20028
SIAYA,RARIEDA,EAST ASEMBO,42,21741
ELGEYO/MARAKWET,MARAKWET EAST,ENDO,42,14238
HOMA BAY,HOMA BAY TOWN,HOMA BAY CENTRAL,42,21119
NAIROBI CITY,KASARANI,KASARANI,42,27525
NAKURU,KURESOI SOUTH,KERINGET,42,20736
UASIN GISHU,MOIBEN,KIMUMU,42,25044
NAIROBI CITY,EMBAKASI SOUTH,KWA NJENGA,42,28554
NAKURU,NAIVASHA,MAI MAHIU,42,21934
BUNGOMA,SIRISIA,MALAKISI/SOUTH KULISIRU,42,17728
KAJIADO,KAJIADO CENTRAL,MATAPATO NORTH,42,16776
TRANS NZOIA,SABOTI,MATISI,42,26038
KITUI,MWINGI WEST,MIGWANI,42,14678
NAKURU,RONGAI,MOSOP,42,19670
THARAKA - NITHI,THARAKA,MUKOTHIMA,42,13297
MERU,NORTH IMENTI,MUNICIPALITY,42,23655
KITUI,MWINGI CENTRAL,NGUNI,42,13165
MAKUENI,MAKUENI,NZAUI/KILILI/KALAMBA,42,18381
KISUMU,KISUMU CENTRAL,RAILWAYS,42,25365
MURANG'A,KANDARA,RUCHU,42,21388
MERU,BUURI,TIMAU,42,22215
KITUI,KITUI CENTRAL,TOWNSHIP,42,19538
NAIROBI CITY,RUARAKA,UTALII,42,27599
SIAYA,RARIEDA,WEST ASEMBO,42,21599
SIAYA,BONDO,WEST SAKWA,42,21323
KITUI,KITUI EAST,ZOMBE/MWITIKA,42,13152
MERU,IGEMBE CENTRAL,ATHIRU RUUJINE,43,19920
NAKURU,MOLO,ELBURGON,43,24416
UASIN GISHU,AINABKOI,KAPTAGAT,43,19923
NAIROBI CITY,DAGORETTI NORTH,KAWANGWARE,43,28468
KIRINYAGA,KIRINYAGA CENTRAL,KERUGOYA,43,24745
BOMET,SOTIK,KIPSONOI,43,17736
KISII,NYARIBARI CHACHE,KISII CENTRAL,43,24550
KISII,KITUTU CHACHE SOUTH,KITUTU CENTRAL,43,24345
NAIROBI CITY,MAKADARA,MAKONGENI,43,28658
EMBU,MBEERE SOUTH,MBETI SOUTH,43,19083
MURANG'A,KANGEMA,MUGURU,43,23583
KIRINYAGA,NDIA,MUKURE,43,22087
NAIROBI CITY,KASARANI,MWIKI,43,27837
MACHAKOS,YATTA,NDALANI,43,16093
EMBU,MANYATTA,NGINDA,43,18342
NAIROBI CITY,KASARANI,NJIRU,43,28140
NANDI,TINDERET,SONGHOR/SOBA,43,19275
NYERI,TETU,WAMAGANA,43,22275
HOMA BAY,KARACHUONYO,WANGCHIENG,43,19362
KILIFI,MAGARINI,ADU,44,16263
MERU,IGEMBE NORTH,AMWATHI,44,19121
NAKURU,NAIVASHA,HELLS GATE,44,27303
MERU,IGEMBE CENTRAL,IGEMBE EAST,44,19964
BARINGO,BARINGO CENTRAL,KABARNET,44,15204
HOMA BAY,NDHIWA,KABUOCH NORTH,44,19358
WEST POKOT,KAPENGURIA,KAPENGURIA,44,12074
TURKANA,TURKANA CENTRAL,KERIO DELTA,44,10672
NAIROBI CITY,WESTLANDS,KITISURU,44,29237
MOMBASA,NYALI,KONGOWEA,44,28846
NAIROBI CITY,EMBAKASI SOUTH,KWARE,44,29812
KIAMBU,LIMURU,LIMURU CENTRAL,44,26587
WEST POKOT,SIGOR,LOMUT,44,12395
NAIROBI CITY,RUARAKA,MATHARE NORTH,44,29334
KITUI,KITUI CENTRAL,MULANGO,44,15135
MERU,TIGANIA EAST,MUTHARA,44,19902
KIAMBU,KIAMBAA,NDENDERU,44,28523
NAIROBI CITY,STAREHE,NGARA,44,27816
KISUMU,NYAKACH,NORTH NYAKACH,44,21438
BOMET,CHEPALUNGU,NYANGORES,44,19286
EMBU,MANYATTA,RUGURU/NGANDORI,44,18449
BARINGO,BARINGO NORTH,SAIMO/SOI,44,8284
KILIFI,MALINDI,SHELLA,44,26255
MAKUENI,MBOONI,TULIMANI,44,18803
NAIROBI CITY,EMBAKASI EAST,UPPER SAVANNAH,44,28928
KWALE,MATUGA,WAA,44,20681
NAKURU,SUBUKIA,WASEGES,44,15666
HOMA BAY,SUBA SOUTH,GWASSI SOUTH,45,18433
NAIROBI CITY,DAGORETTI NORTH,KABIRO,45,29090
MAKUENI,KILOME,KIIMA KIU/KALANZONI,45,21259
MURANG'A,MARAGWA,KIMORORI/WEMPA,45,26433
UASIN GISHU,TURBO,KIPLOMBE,45,26347
MURANG'A,MATHIOYA,KIRU,45,22212
NAIROBI CITY,EMBAKASI EAST,LOWER SAVANNAH,45,30104
NAIROBI CITY,KIBRA,MAKINA,45,28408
NAKURU,GILGIL,MBARUK/EBURU,45,21710
MACHAKOS,MAVOKO,MUTHWANI,45,24402
KWALE,LUNGALUNGA,MWERENI,45,15589
KWALE,LUNGALUNGA,PONGWE/KIKONENI,45,18833
SIAYA,ALEGO USONGA,SIAYA TOWNSHIP,45,26832
KILIFI,GANZE,SOKOKE,45,19290
MERU,TIGANIA EAST,THANGATHA,45,21025
NAIROBI CITY,KIBRA,WOODLEY/KENYATTA GOLF COURSE,45,28972
NAIROBI CITY,RUARAKA,BABA DOGO,46,29419
KIAMBU,GITHUNGURI,GITHUNGURI,46,27596
KISUMU,KISUMU EAST,KAJULU,46,26717
NAIROBI CITY,WESTLANDS,KARURA,46,29548
MERU,TIGANIA WEST,KIANJAI,46,21037
BUNGOMA,SIRISIA,LWANDANYI,46,17303
SAMBURU,SAMBURU WEST,MARALAL,46,17580
MAKUENI,KIBWEZI EAST,MTITO ANDEI,46,17622
KITUI,MWINGI CENTRAL,NUU,46,12729
LAIKIPIA,LAIKIPIA NORTH,SOSIAN,46,18167
NAKURU,SUBUKIA,SUBUKIA,46,19402
NAKURU,RONGAI,VISOI,46,20555
NAIROBI CITY,ROYSAMBU,ZIMMERMAN,46,30701
KAKAMEGA,KHWISERO,KISA CENTRAL,47,23081
KITUI,MWINGI WEST,KYOME/THAANA,47,14979
MACHAKOS,MASINGA,MASINGA CENTRAL,47,18410
MERU,IGEMBE CENTRAL,NJIA,47,21810
NAIROBI CITY,ROYSAMBU,ROYSAMBU,47,31158
KIAMBU,JUJA,THETA,47,31397
MERU,CENTRAL IMENTI,ABOTHUGUCHI CENTRAL,48,24397
WEST POKOT,KAPENGURIA,ENDUGH,48,8360
THARAKA - NITHI,THARAKA,GATUNGA,48,13891
MAKUENI,MBOONI,KALAWA,48,14166
TRANS NZOIA,KWANZA,KAPOMBOI,48,21873
KERICHO,KIPKELION EAST,KEDOWA/KIMUGUL,48,21798
KIAMBU,KIKUYU,KIKUYU,48,30130
TRANS NZOIA,KWANZA,KWANZA,48,21487
NAROK,NAROK SOUTH,MAJIMOTO/NAROOSURA,48,19825
NAIROBI CITY,WESTLANDS,MOUNTAIN VIEW,48,32259
KIAMBU,RUIRU,MWIKI,48,32582
ELGEYO/MARAKWET,MARAKWET EAST,SAMBIRIR,48,13394
MAKUENI,KAITI,UKIA,48,22344
WEST POKOT,SIGOR,WEIWEI,48,13920
BOMET,KONOIN,EMBOMOS,49,18390
UASIN GISHU,TURBO,HURUMA,49,31660
NAIROBI CITY,WESTLANDS,KANGEMI,49,32551
BOMET,SOTIK,KAPLETUNDO,49,20992
NAIROBI CITY,EMBAKASI SOUTH,KWA REUBEN,49,33591
KILIFI,RABAI,RABAI/KISURUTINI,49,27195
NYERI,NYERI TOWN,RWARE,49,29246
NAIROBI CITY,KIBRA,SARANGOMBE,49,32442
KITUI,KITUI SOUTH,ATHI,50,15843
NANDI,NANDI HILLS,CHEPKUNYUK,50,19848
NYERI,MATHIRA,KARATINA TOWN,50,26820
MAKUENI,MBOONI,KITETA/KISAU,50,20020
NAIROBI CITY,EMBAKASI CENTRAL,KOMAROCK,50,33127
KILIFI,MALINDI,MALINDI TOWN,50,30570
KWALE,MATUGA,MKONGANI,50,18778
LAIKIPIA,LAIKIPIA EAST,NANYUKI,50,29014
KILIFI,KILIFI SOUTH,SHIMO LA TEWA,50,32052
NAKURU,NAIVASHA,VIWANDANI,50,28900
BARINGO,MOGOTIO,EMINING,51,10844
KITUI,KITUI SOUTH,IKANGA/KYATUNE,51,15384
MAKUENI,KILOME,KASIKEU,51,23435
BARINGO,MOGOTIO,KISANANA,51,10436
TURKANA,TURKANA SOUTH,LOKICHAR,51,14467
MACHAKOS,MACHAKOS TOWN,MACHAKOS CENTRAL,51,28309
MOMBASA,MVITA,MAJENGO,51,31772
WEST POKOT,KAPENGURIA,MNAGEI,51,18201
NAIROBI CITY,STAREHE,NAIROBI SOUTH,51,33853
KAJIADO,KAJIADO NORTH,NKAIMURUNYA,51,33207
NAIROBI CITY,LANGATA,SOUTH C,51,33149
KWALE,MATUGA,TSIMBA GOLINI,51,20453
MERU,CENTRAL IMENTI,ABOTHUGUCHI WEST,52,24723
NAIROBI CITY,KASARANI,CLAY CITY,52,34387
NAIROBI CITY,DAGORETTI NORTH,GATINA,52,34831
KIAMBU,THIKA TOWN,HOSPITAL,52,33423
MACHAKOS,YATTA,IKOMBE,52,18283
NAKURU,BAHATI,KIAMAINA,52,28983
NAROK,KILGORIS,KILGORIS CENTRAL,52,18433
KISUMU,KISUMU CENTRAL,MARKET MILIMANI,52,29278
EMBU,MBEERE SOUTH,MAVURIA,52,20627
NAKURU,NAKURU TOWN EAST,NAKURU EAST,52,32572
NAROK,NAROK NORTH,NAROK TOWN,52,29452
NAKURU,KURESOI NORTH,NYOTA,52,23206
KAJIADO,KAJIADO NORTH,OLKERI,52,31549
KAJIADO,KAJIADO EAST,OLOOSIRKON/SHOLINKE,52,33748
KWALE,MSAMBWENI,RAMISI,52,23916
SIAYA,UGUNJA,UGUNJA,52,27082
NAIROBI CITY,ROYSAMBU,GITHURAI,53,35899
KILIFI,KALOLENI,KALOLENI,53,25995
NAIROBI CITY,LANGATA,KAREN,53,34450
MAKUENI,KIBWEZI WEST,MAKINDU,53,22953
KITUI,KITUI WEST,MUTONGUNI,53,17979
KAKAMEGA,LURAMBI,SHEYWE,53,30312
MOMBASA,LIKONI,TIMBWANI,53,33929
NAKURU,GILGIL,GILGIL,54,29198
MACHAKOS,MASINGA,KIVAA,54,18277
LAIKIPIA,LAIKIPIA WEST,MARMANET,54,26627
MOMBASA,JOMVU,MIKINDANI,54,32794
BARINGO,BARINGO SOUTH,MOCHONGOI,54,12938
NAKURU,MOLO,MOLO,54,27770
NAKURU,NAKURU TOWN EAST,BIASHARA,55,33057
NAIROBI CITY,MAKADARA,HARAMBEE,55,36498
NAKURU,SUBUKIA,KABAZI,55,20531
MURANG'A,GATANGA,KARIARA,55,26459
KIRINYAGA,NDIA,KIINE,55,27843
EMBU,MANYATTA,KIRIMARI,55,29617
KITUI,KITUI RURAL,KWAVONZA/YATTA,55,18020
MACHAKOS,MATUNGULU,MATUNGULU WEST,55,22817
NAIROBI CITY,WESTLANDS,PARKLANDS/HIGHRIDGE,55,37144
NAIROBI CITY,EMBAKASI SOUTH,PIPELINE,55,37900
KIAMBU,KIAMBU,TOWNSHIP,55,34538
NAIROBI CITY,EMBAKASI SOUTH,IMARA DAIMA,56,38096
KIRINYAGA,GICHUGU,KABARE,56,27559
NAIROBI CITY,DAGORETTI SOUTH,RIRUTA,56,37766
SIAYA,ALEGO USONGA,SOUTH EAST ALEGO,56,28845
BARINGO,BARINGO NORTH,BARWESSA,57,12693
THARAKA - NITHI,MAARA,CHOGORIA,57,21797
NAIROBI CITY,EMBAKASI WEST,KARIOBANGI SOUTH,57,38339
KITUI,MWINGI NORTH,TSEIKURU,57,16471
WEST POKOT,KACHELIBA,ALALE,58,11072
NAIROBI CITY,ROYSAMBU,KAHAWA WEST,58,38586
NAKURU,NAKURU TOWN WEST,KAPTEMBWO,58,37748
NAIROBI CITY,DAGORETTI NORTH,KILIMANI,58,38927
NAIROBI CITY,LANGATA,MUGUMU-INI,58,37864
NAIROBI CITY,EMBAKASI WEST,UMOJA I,58,40554
KIAMBU,RUIRU,BIASHARA,59,38706
NAIROBI CITY,EMBAKASI WEST,UMOJA II,59,39562
KIAMBU,JUJA,JUJA,60,36666
NAIROBI CITY,EMBAKASI CENTRAL,KAYOLE SOUTH,60,41154
KAJIADO,KAJIADO EAST,KITENGELA,60,38746
KITUI,MWINGI NORTH,MUMONI,60,15877
KIAMBU,GATUNDU SOUTH,NGENDA,60,32499
NAIROBI CITY,KASARANI,RUAI,60,37361
NAIROBI CITY,MAKADARA,MARINGO/HAMZA,61,39821
THARAKA - NITHI,CHUKA/IGAMBANG'OMBE,MAGUMONI,62,22846
THARAKA - NITHI,THARAKA,MARIMANTI,62,18564
BARINGO,MOGOTIO,MOGOTIO,62,17642
NAIROBI CITY,KAMUKUNJI,PUMWANI,62,39130
MERU,SOUTH IMENTI,NKUENE,63,30622
NAKURU,NJORO,NJORO,64,37896
WEST POKOT,POKOT SOUTH,CHEPARERIA,65,18494
WEST POKOT,POKOT SOUTH,LELAN,65,15095
BARINGO,BARINGO SOUTH,MARIGAT,65,15859
KAJIADO,KAJIADO WEST,KEEKONYOKIE,66,33307
EMBU,MBEERE NORTH,EVURORE,67,26393
NANDI,EMGWEN,KILIBWONI,67,28259
THARAKA - NITHI,THARAKA,CHIAKARIGA,68,18715
THARAKA - NITHI,CHUKA/IGAMBANG'OMBE,IGAMBANG'OMBE,69,16299
KITUI,MWINGI NORTH,KYUSO,69,19921
TURKANA,LOIMA,TURKWEL,69,19528
MACHAKOS,MAVOKO,ATHI RIVER,70,44603
NAIROBI CITY,EMBAKASI EAST,EMBAKASI,70,46291
KIAMBU,THIKA TOWN,TOWNSHIP,70,44623
WEST POKOT,KAPENGURIA,RIWO,73,13552
MACHAKOS,MAVOKO,SYOKIMAU/MULOLONGO,73,48327
NAIROBI CITY,STAREHE,NAIROBI CENTRAL,79,52186
LAIKIPIA,LAIKIPIA WEST,IGWAMITI,82,43194
KIAMBU,THIKA TOWN,KAMENU,82,55315
PRISONS,PRISONS,PRISONS,106,7483
